date,code,qty,price,cost,ticket,rsi,dip
2020-01-01,NSE:HDFCSENSEX,137,43.5644,5968.32,6000.0,66.11,0.006
2020-01-02,NSE:CONSUMBEES,112,53.15,5952.8,6000.0,66.42,0.0096
2020-01-03,NSE:LOWVOLIETF,654,9.169,5996.53,6000.0,59.8,0.0029
2020-01-06,NSE:MIDSELIETF,933,6.43,5999.19,6000.0,44.18,-0.0115
2020-01-07,NSE:PVTBANIETF,343,17.449,5985.01,6000.0,45.02,-0.018
2020-01-08,NSE:NV20IETF,1054,5.689,5996.21,6000.0,44.2,-0.0047
2020-01-09,NSE:CPSEETF,261,22.96,5992.56,6000.0,53.39,-0.0042
2020-01-10,NSE:MOM100,327,18.31,5987.37,6000.0,69.78,0.0225
2020-01-13,NSE:ICICIB22,173,34.67,5997.91,6000.0,61.11,0.013
2020-01-14,NSE:MON100,95,62.817,5967.62,6000.0,67.72,0.0209
2020-01-15,NSE:PSUBNKBEES,221,27.09,5986.89,6000.0,44.33,0.0849
2020-01-16,NSE:BANKBEES,18,325.16,5852.88,6000.0,41.77,0.0927
2020-01-17,NSE:MIDSELIETF,873,6.876,6002.75,6007.38,66.31,0.0419
2020-01-20,NSE:NIFTYBEES,46,129.78,5969.88,6007.38,53.28,0.0013
2020-01-21,NSE:HNGSNGBEES,16,368.75,5900.0,6007.38,54.75,0.0219
2020-02-12,NSE:MON100,89,67.138,5975.28,6015.03,65.59,0.0319
2020-06-04,NSE:MON100,83,71.803,5959.65,6022.29,73.49,0.0334
2020-07-07,NSE:MON100,77,77.514,5968.58,6029.98,65.5,0.0364
2020-08-10,NSE:MON100,73,82.098,5993.15,6037.41,54.84,0.0309
2020-08-28,NSE:MON100,70,86.031,6022.17,6044.72,66.94,0.0344
2020-09-14,NSE:ALPL30IETF,505,11.95,6034.75,6044.72,51.48,0.0091
2020-09-21,NSE:LOWVOLIETF,633,9.555,6048.32,6051.79,56.94,0.002
2020-10-09,NSE:NV20IETF,995,6.089,6058.56,6058.92,61.42,0.0371
2020-11-09,NSE:LOWVOLIETF,589,10.292,6061.99,6066.92,70.54,0.0299
2020-11-14,NSE:CONSUMBEES,103,58.73,6049.19,6074.08,75.55,0.0689
2020-11-18,NSE:HDFCSENSEX,129,46.85,6043.65,6082.34,86.75,0.0599
2020-11-19,NSE:MOM100,309,19.66,6074.94,6089.88,86.22,0.0643
2020-11-24,NSE:ALPL30IETF,472,12.917,6096.82,6098.38,69.63,0.0318
2020-11-25,NSE:NIFTYBEES,44,137.39,6045.16,6106.64,74.78,0.0329
2020-11-26,NSE:NV20IETF,941,6.496,6112.74,6113.99,74.83,0.0354
2020-12-01,NSE:MIDSELIETF,822,7.446,6120.61,6122.0,83.61,0.0614
2020-12-03,NSE:MOM100,293,20.85,6109.05,6129.34,87.85,0.0667
2020-12-10,NSE:LOWVOLIETF,556,11.037,6136.57,6137.08,84.79,0.0387
2020-12-11,NSE:CONSUMBEES,96,63.48,6094.08,6144.26,93.1,0.0808
2020-12-14,NSE:NV20IETF,881,6.976,6145.86,6151.84,88.71,0.0564
2020-12-17,NSE:MON100,67,91.875,6155.62,6159.14,70.56,0.0245
2020-12-18,NSE:NIFTYBEES,41,146.96,6025.36,6166.64,93.95,0.0368
2020-12-24,NSE:HDFCSENSEX,123,50.0379,6154.66,6174.28,83.45,0.0288
2020-12-29,NSE:ALPL30IETF,450,13.737,6181.65,6181.97,64.45,0.0221
2021-01-05,NSE:MOM100,275,22.49,6184.75,6190.94,63.39,0.0394
2021-01-06,NSE:MIDSELIETF,756,8.194,6194.66,6202.17,65.17,0.0559
2021-01-11,NSE:NV20IETF,818,7.587,6206.17,6209.84,90.59,0.0609
2021-01-12,NSE:LOWVOLIETF,521,11.93,6215.53,6219.1,93.97,0.0478
2021-01-20,NSE:CONSUMBEES,93,66.29,6164.97,6226.52,64.46,0.0216
2021-01-21,NSE:NIFTYBEES,39,156.02,6084.78,6233.98,72.23,0.025
2021-01-27,NSE:HDFCSENSEX,123,50.725,6239.17,6248.39,47.68,-0.0223
2021-02-04,NSE:BANKBEES,17,354.21,6021.57,6256.23,65.46,0.0917
2021-02-05,NSE:PVTBANIETF,332,18.816,6246.91,6265.08,66.48,0.0732
2021-02-08,NSE:MON100,63,98.436,6201.47,6272.49,68.03,0.035
2021-02-09,NSE:HDFCSENSEX,115,54.2729,6241.38,6280.87,56.41,0.0342
2021-02-12,NSE:MIDSELIETF,719,8.743,6286.22,6288.31,71.19,0.0468
2021-02-15,NSE:MOM100,261,24.07,6282.27,6295.6,78.99,0.0379
2021-02-18,NSE:ICICIB22,166,37.9,6291.4,6303.33,89.77,0.0765
2021-03-04,NSE:MOM100,243,25.97,6310.71,6312.1,80.06,0.06
2021-03-09,NSE:CPSEETF,263,23.97,6304.11,6319.2,63.66,0.0395
2021-04-09,NSE:ALPL30IETF,426,14.823,6314.6,6327.02,81.61,0.0501
2021-04-12,NSE:NV20IETF,805,7.869,6334.54,6335.59,54.61,0.0045
2021-05-14,NSE:CPSEETF,254,24.91,6327.14,6343.06,84.58,0.0753
2021-06-01,NSE:NIFTYBEES,38,166.88,6341.44,6350.89,77.68,0.0376
2021-06-04,NSE:LOWVOLIETF,500,12.71,6355.0,6358.85,86.57,0.0258
2021-06-07,NSE:MOM100,224,28.36,6352.64,6366.67,84.69,0.0554
2021-06-08,NSE:ICICIB22,157,40.35,6334.95,6374.46,81.31,0.0412
2021-06-09,NSE:MIDSELIETF,689,9.252,6374.63,6381.98,88.97,0.0412
2021-06-10,NSE:MAFANG,130,49.09,6381.7,6381.98,73.47,0.0164
2021-06-11,NSE:NV20IETF,757,8.438,6387.57,6389.75,93.1,0.0319
2021-06-14,NSE:CPSEETF,238,26.8,6378.4,6398.82,78.42,0.0488
2021-06-16,NSE:ALPL30IETF,404,15.839,6398.96,6407.45,87.9,0.0281
2021-06-25,NSE:MON100,60,105.34,6320.4,6415.1,51.73,0.1487
2021-06-28,NSE:MAFANG,119,53.86,6409.34,6425.95,79.17,0.0691
2021-07-27,NSE:CONSUMBEES,92,69.78,6419.76,6434.23,51.41,0.0068
2021-08-04,NSE:PHARMABEES,440,14.61,6428.4,6434.23,51.93,0.0101
2021-08-06,NSE:HDFCSENSEX,111,58.013,6439.44,6442.27,68.15,0.0206
2021-08-16,NSE:NV20IETF,714,9.034,6450.28,6450.87,84.76,0.0326
2021-08-17,NSE:NIFTYBEES,36,178.91,6440.76,6459.2,92.84,0.0326
2021-08-20,NSE:MIDSELIETF,666,9.699,6459.53,6466.72,51.0,0.0016
2021-08-23,NSE:ALPL30IETF,380,17.038,6474.44,6475.62,74.03,0.0322
2021-08-25,NSE:MON100,57,113.02,6442.14,6483.6,63.95,0.0199
2021-08-26,NSE:LOWVOLIETF,477,13.584,6479.57,6491.6,82.06,0.0186
2021-09-02,NSE:CONSUMBEES,85,75.79,6442.15,6500.86,80.84,0.0549
2021-09-03,NSE:HDFCSENSEX,105,61.731,6481.75,6508.5,72.66,0.0261
2021-09-06,NSE:MIDSELIETF,631,10.327,6516.34,6516.35,77.4,0.048
2021-09-07,NSE:FMCGIETF,161,40.419,6507.46,6516.35,86.69,0.0499
2021-09-14,NSE:ALPL30IETF,359,18.169,6522.67,6526.46,80.46,0.0412
2021-09-16,NSE:ICICIB22,148,44.15,6534.2,6536.02,92.19,0.068
2021-09-17,NSE:BANKBEES,17,379.57,6452.69,6543.85,79.52,0.0355
2021-09-22,NSE:NV20IETF,673,9.729,6547.62,6552.41,77.27,0.0327
2021-09-23,NSE:LOWVOLIETF,450,14.559,6551.55,6560.32,77.82,0.0268
2021-09-24,NSE:NIFTYBEES,34,192.63,6549.42,6569.37,74.07,0.0275
2021-09-29,NSE:CPSEETF,214,30.71,6571.94,6581.15,85.67,0.1173
2021-10-13,NSE:PSUBNKBEES,226,29.09,6574.34,6588.85,77.23,0.0737
2021-10-14,NSE:ICICIB22,136,48.25,6562.0,6598.56,83.46,0.0608
2021-10-18,NSE:CONSUMBEES,81,81.42,6595.02,6607.98,65.27,0.0287
2021-10-19,NSE:MOM100,192,34.5,6624.0,6636.57,92.17,0.0797
2021-10-20,NSE:PVTBANIETF,328,20.249,6641.67,6645.84,71.42,0.0317
2021-10-21,NSE:HDFCSENSEX,101,65.591,6624.69,6654.63,63.85,0.0147
2021-10-22,NSE:MASPTOP50,229,28.99,6638.71,6654.63,87.5,0.0297
2021-10-25,NSE:BANKBEES,16,414.63,6634.08,6663.08,89.5,0.0663
2021-10-26,NSE:PSUBNKBEES,212,31.42,6661.04,6671.8,74.83,0.0902
2021-10-27,NSE:MAFANG,116,57.32,6649.12,6680.35,83.44,0.0561
2021-11-15,NSE:MIDSELIETF,599,11.161,6685.44,6688.33,78.71,0.0364
2021-11-23,NSE:HEALTHY,774,8.65,6695.1,6697.17,44.16,-0.0032
2021-11-24,NSE:MON100,56,119.46,6689.76,6697.17,58.7,0.0112
2021-12-14,NSE:MASPTOP50,216,30.96,6687.36,6706.69,61.7,0.0229
2022-01-06,NSE:MAHKTECH,390,17.19,6704.1,6706.69,33.49,-0.0569
2022-01-13,NSE:MAHKTECH,361,18.58,6707.38,6722.69,53.74,0.0331
2022-01-24,NSE:ALPHA,199,33.76,6718.24,6722.69,38.84,-0.0357
2022-01-25,NSE:MONQ50,114,58.86,6710.04,6722.69,25.17,-0.0642
2022-02-01,NSE:CPSEETF,206,32.65,6725.9,6730.66,65.29,0.0284
2022-02-03,NSE:PSUBNKBEES,202,33.3,6726.6,6738.72,68.77,0.0849
2022-03-03,NSE:MIDCAP,86,78.15,6720.9,6738.72,38.31,-0.0309
2022-04-04,NSE:ALPHA,186,36.17,6727.62,6746.8,96.62,0.062
2022-04-05,NSE:MIDCAP,80,84.13,6730.4,6756.69,80.27,0.0479
2022-04-06,NSE:CPSEETF,187,36.14,6758.18,6767.95,81.82,0.0684
2022-04-11,NSE:ICICIB22,131,51.54,6751.74,6776.14,82.27,0.0509
2022-04-29,NSE:TNIDETF,110,61.39,6752.9,6776.14,31.76,-0.0426
2022-07-22,NSE:FMCGIETF,156,43.29,6753.24,6784.1,78.94,0.0525
2022-09-01,NSE:CONSUMBEES,78,86.77,6768.06,6792.34,69.23,0.0241
2022-09-14,NSE:ICICIB22,123,55.03,6768.69,6800.36,82.68,0.0354
2022-09-15,NSE:PSUBNKBEES,189,35.88,6781.32,6809.78,82.65,0.0715
2022-09-16,NSE:MIDCAP,78,86.99,6785.22,6818.16,54.39,0.0033
2022-09-26,NSE:MOVALUE,170,39.98,6796.6,6818.16,33.42,-0.1859
2022-10-25,NSE:MOVALUE,157,43.24,6788.68,6827.31,63.41,0.0405
2022-10-28,NSE:PSUBNKBEES,179,38.11,6821.69,6835.7,77.39,0.1045
2022-11-02,NSE:CPSEETF,177,38.66,6842.82,6844.98,76.53,0.05
2022-11-09,NSE:PSUBNKBEES,161,42.47,6837.67,6854.68,91.78,0.157
2022-11-10,NSE:MOVALUE,152,45.15,6862.8,6862.9,66.3,0.0454
2022-11-25,NSE:PVTBANIETF,316,21.698,6856.57,6871.22,81.89,0.0231
2022-12-01,NSE:FMCGIETF,148,46.271,6848.11,6880.25,62.73,0.0213
2022-12-02,NSE:MOVALUE,139,49.41,6867.99,6890.56,90.35,0.0613
2022-12-05,NSE:PSUBNKBEES,149,46.09,6867.41,6899.87,87.92,0.06
2022-12-13,NSE:BANKBEES,15,444.71,6670.65,6907.96,81.22,0.0216
2022-12-14,NSE:PSUBNKBEES,137,50.35,6897.95,6919.27,82.39,0.0991
2022-12-15,NSE:ICICIB22,118,58.51,6904.18,6928.19,76.77,0.0209
2023-02-03,NSE:NV20IETF,664,10.445,6935.48,6936.2,77.36,0.0297
2023-03-21,NSE:HDFCSML250,78,88.7,6918.6,6936.2,34.63,-0.0229
2023-04-18,NSE:CPSEETF,168,41.17,6916.56,6944.87,74.15,0.032
2023-05-02,NSE:ICICIB22,110,62.89,6917.9,6953.35,90.51,0.0411
2023-05-03,NSE:HDFCSML250,73,95.08,6940.84,6962.46,91.62,0.0365
2023-05-04,NSE:FMCGIETF,141,49.436,6970.48,6971.24,86.73,0.028
2023-05-05,NSE:MOVALUE,136,51.26,6971.36,6983.11,61.32,0.0261
2023-05-11,NSE:MIDCAP,75,93.16,6987.0,6991.66,85.13,0.0368
2023-06-05,NSE:FMCGIETF,132,52.64,6948.48,7000.71,75.39,0.028
2023-06-07,NSE:HDFCSML250,68,102.92,6998.56,7009.3,99.67,0.044
2023-06-08,NSE:NIFTYBEES,34,204.51,6953.34,7017.35,71.07,0.0116
2023-06-09,NSE:HDFCSENSEX,102,68.705,7007.91,7028.86,56.24,0.0065
2023-06-13,NSE:MAFANG,112,62.33,6980.96,7037.68,83.7,0.0727
2023-06-14,NSE:MOM100,190,36.99,7028.1,7045.84,87.02,0.0358
2023-06-16,NSE:MIDCAP,70,99.61,6972.7,7054.41,75.72,0.0309
2023-06-21,NSE:LOWVOLIETF,456,15.482,7059.79,7062.28,74.28,0.0186
2023-06-22,NSE:CPSEETF,161,43.66,7029.26,7071.31,80.66,0.0201
2023-07-03,NSE:ALPL30IETF,363,19.482,7071.97,7079.45,76.3,0.0205
2023-07-04,NSE:MOVALUE,129,54.63,7047.27,7088.49,68.7,0.0314
2023-07-05,NSE:ICICIB22,104,67.67,7037.68,7097.54,72.01,0.0273
2023-07-17,NSE:NV20IETF,634,11.199,7100.17,7106.5,81.36,0.0337
2023-07-18,NSE:HDFCSML250,64,109.91,7034.24,7116.45,77.48,0.0265
2023-07-19,NSE:HDFCSENSEX,97,73.43,7122.71,7125.35,85.01,0.0308
2023-07-20,NSE:MAFANG,105,67.47,7084.35,7136.54,84.24,0.0614
2023-07-21,NSE:PVTBANIETF,304,23.457,7130.93,7147.0,74.55,0.027
2023-07-24,NSE:HEALTHY,765,9.35,7152.75,7156.3,74.39,0.0288
2023-07-25,NSE:MIDCAP,67,105.74,7084.58,7164.61,64.77,0.0197
2023-07-27,NSE:MOM100,181,39.53,7154.93,7173.12,79.9,0.0212
2023-07-31,NSE:CPSEETF,150,47.71,7156.5,7181.81,81.49,0.0583
2023-08-01,NSE:MOVALUE,120,59.6,7152.0,7192.14,85.28,0.0528
2023-08-02,NSE:MASPTOP50,219,32.81,7185.39,7200.22,69.19,0.0113
2023-08-08,NSE:PHARMABEES,455,15.83,7202.65,7209.49,97.51,0.101
2023-08-24,NSE:MIDCAP,64,112.72,7214.08,7217.99,85.14,0.0293
2023-08-30,NSE:HDFCSML250,60,118.57,7114.2,7226.99,74.6,0.0326
2023-08-31,NSE:MIDSELIETF,607,11.9,7223.3,7234.92,80.33,0.0306
2023-09-05,NSE:MOM100,168,42.9,7207.2,7245.06,90.61,0.0463
2023-09-06,NSE:TNIDETF,109,66.41,7238.69,7254.99,78.68,0.0405
2023-09-07,NSE:QUAL30IETF,442,16.423,7258.97,7264.49,78.64,0.0262
2023-09-08,NSE:ICICIB22,97,74.72,7247.84,7275.32,80.35,0.052
2023-09-11,NSE:CPSEETF,137,52.84,7239.08,7284.74,84.47,0.0793
2023-09-12,NSE:CONSUMBEES,78,93.14,7264.92,7294.79,70.6,0.0179
2023-09-13,NSE:NIFTYBEES,32,221.43,7085.76,7304.84,83.02,0.0284
2023-09-14,NSE:MOVALUE,114,63.93,7288.02,7316.5,69.26,0.0531
2023-09-15,NSE:LOWVOLIETF,441,16.594,7317.95,7325.53,86.16,0.0199
2023-09-18,NSE:PSUBNKBEES,126,58.08,7318.08,7325.53,79.53,0.1094
2023-09-26,NSE:MAKEINDIA,74,98.87,7316.38,7325.53,40.84,-0.0099
2023-09-27,NSE:BFSI,364,20.11,7320.04,7325.53,50.3,-0.0101
2023-10-30,NSE:MONIFTY500,433,16.89,7313.37,7325.53,36.96,-0.018
2023-11-09,NSE:ALPL30IETF,351,20.884,7330.28,7334.74,59.88,0.0263
2023-11-15,NSE:CPSEETF,129,56.93,7343.97,7344.55,86.9,0.0552
2023-11-16,NSE:HDFCSML250,56,129.95,7277.2,7356.6,92.84,0.0511
2023-11-17,NSE:HEALTHY,725,10.15,7358.75,7366.39,93.18,0.0464
2023-11-20,NSE:MON100,57,128.29,7312.53,7375.41,90.79,0.0552
2023-11-21,NSE:MIDCAP,60,121.14,7268.4,7384.95,97.89,0.0497
2023-11-23,NSE:MOVALUE,108,68.13,7358.04,7404.75,78.85,0.0395
2023-11-24,NSE:MIDSELIETF,575,12.867,7398.52,7404.75,97.32,0.0405
2023-11-30,NSE:ICICIB22,92,79.97,7357.24,7413.48,84.07,0.0349
2023-12-01,NSE:MONIFTY500,407,18.21,7411.47,7422.56,93.86,0.0395
2023-12-04,NSE:MOM100,157,47.15,7402.55,7433.06,99.74,0.065
2023-12-05,NSE:MOVALUE,100,74.15,7415.0,7445.36,83.77,0.0851
2023-12-06,NSE:ALPL30IETF,326,22.855,7450.73,7458.24,96.48,0.0599
2023-12-07,NSE:CONSUMBEES,73,101.27,7392.71,7470.68,92.06,0.0443
2023-12-08,NSE:CPSEETF,120,62.0,7440.0,7484.13,90.73,0.0644
2023-12-11,NSE:ALPHA,187,39.93,7466.91,7495.47,84.49,0.0572
2023-12-12,NSE:NV20IETF,614,12.223,7504.92,7507.65,86.97,0.0315
2023-12-13,NSE:BANKBEES,15,480.64,7209.6,7517.66,90.34,0.0435
2023-12-14,NSE:ICICIB22,86,87.37,7513.82,7529.6,92.76,0.0662
2023-12-15,NSE:TNIDETF,101,74.4,7514.4,7543.31,80.45,0.0526
2023-12-18,NSE:PSUBNKBEES,118,63.78,7526.04,7557.95,90.44,0.0796
2023-12-19,NSE:MAKEINDIA,69,108.7,7500.3,7572.05,83.68,0.0317
2023-12-20,NSE:QUAL30IETF,421,17.984,7571.26,7586.42,77.26,0.0285
2023-12-21,NSE:LOWVOLIETF,421,18.028,7589.79,7597.73,76.31,0.0233
2023-12-22,NSE:BFSI,352,21.56,7589.12,7608.46,62.84,0.0157
2023-12-26,NSE:FMCGIETF,133,57.244,7613.45,7619.43,65.1,0.0234
2023-12-27,NSE:MIDCAP,58,130.99,7597.42,7630.33,64.62,0.0209
2023-12-28,NSE:MAFANG,104,73.29,7622.16,7641.51,97.55,0.0419
2023-12-29,NSE:MOVALUE,93,82.08,7633.44,7653.9,73.64,0.0742
2024-01-01,NSE:HDFCSENSEX,96,79.387,7621.15,7665.37,70.96,0.0205
2024-01-02,NSE:HDFCSML250,54,141.91,7663.14,7678.2,68.52,0.0274
2024-01-03,NSE:PHARMABEES,435,17.66,7682.1,7693.22,80.29,0.0567
2024-01-04,NSE:HEALTHY,691,11.15,7704.65,7706.22,82.57,0.0511
2024-01-05,NSE:CPSEETF,112,68.55,7677.6,7720.72,74.24,0.0515
2024-01-08,NSE:MIDSELIETF,550,14.055,7730.25,7734.97,56.99,0.0152
2024-01-09,NSE:NIFTYBEES,32,237.78,7608.96,7744.75,52.94,0.004
2024-01-10,NSE:MONIFTY500,396,19.56,7745.76,7755.03,81.44,0.0122
2024-01-11,NSE:MASPTOP50,219,35.3,7730.7,7764.61,58.2,0.0085
2024-01-12,NSE:BSE500IETF,235,33.05,7766.75,7774.16,81.97,0.0197
2024-01-15,NSE:MOM100,153,50.62,7744.86,7783.32,80.65,0.0266
2024-01-16,NSE:NV20IETF,595,13.08,7782.6,7793.4,63.01,0.0239
2024-01-17,NSE:ALPL30IETF,321,24.255,7785.85,7803.89,63.21,0.0131
2024-01-18,NSE:ICICIB22,84,92.54,7773.36,7813.21,59.03,0.0103
2024-01-19,NSE:NEXT50IETF,138,56.6,7810.8,7813.21,66.18,0.0175
2024-01-23,NSE:MON100,55,139.9,7694.5,7823.17,64.35,0.0301
2024-01-24,NSE:ALPHA,178,43.74,7785.72,7823.17,87.97,0.0433
2024-01-30,NSE:CPSEETF,106,73.71,7813.26,7835.45,71.29,0.0636
2024-01-31,NSE:PSUBNKBEES,112,69.6,7795.2,7844.97,77.19,0.0674
2024-02-01,NSE:HDFCSML250,51,151.82,7742.82,7854.6,73.33,0.0421
2024-02-05,NSE:MOVALUE,83,93.81,7786.23,7869.26,78.67,0.1257
2024-02-06,NSE:ICICIB22,78,100.27,7821.06,7880.34,71.21,0.0613
2024-02-07,NSE:CPSEETF,99,79.12,7832.88,7892.05,80.02,0.0959
2024-02-08,NSE:MAKEINDIA,67,116.77,7823.59,7903.04,64.56,0.0323
2024-02-09,NSE:PSUBNKBEES,102,76.95,7848.9,7917.66,85.55,0.1184
2024-02-12,NSE:MAFANG,97,81.3,7886.1,7932.37,83.04,0.0738
2024-02-13,NSE:HEALTHY,647,12.28,7945.16,7945.95,87.31,0.0631
2024-02-14,NSE:PHARMABEES,420,18.92,7946.4,7957.66,69.16,0.0359
2024-02-15,NSE:LOWVOLIETF,409,19.444,7952.6,7968.47,75.85,0.0249
2024-02-16,NSE:ALPL30IETF,303,26.312,7972.54,7979.55,76.75,0.0444
2024-02-19,NSE:MIDCAP,56,142.65,7988.4,7991.9,73.64,0.031
2024-02-20,NSE:MASPTOP50,206,38.71,7974.26,8006.0,74.7,0.0404
2024-02-21,NSE:NEXT50IETF,132,60.56,7993.92,8017.31,70.66,0.032
2024-02-22,NSE:CONSUMBEES,73,109.31,7979.63,8027.1,65.56,0.0263
2024-02-23,NSE:TNIDETF,100,79.91,7991.0,8036.89,72.69,0.0186
2024-02-26,NSE:MIDSELIETF,537,14.962,8034.59,8047.49,65.08,0.0172
2024-03-06,NSE:CPSEETF,95,83.97,7977.15,8057.69,62.87,0.0414
2024-03-26,NSE:MON100,53,149.71,7934.63,8067.11,60.66,0.0253
2024-04-01,NSE:MAFANG,91,88.27,8032.57,8078.6,64.22,0.0429
2024-04-02,NSE:MAKEINDIA,63,126.47,7967.61,8088.92,59.89,0.0438
2024-04-03,NSE:ALPHA,170,47.38,8054.6,8100.38,66.93,0.0642
2024-04-04,NSE:NEXT50IETF,125,64.54,8067.5,8110.5,82.41,0.0421
2024-04-05,NSE:MASPTOP50,194,41.82,8113.08,8123.68,83.23,0.061
2024-04-08,NSE:MAFANG,83,97.12,8060.96,8136.22,93.17,0.1199
2024-04-09,NSE:MONIFTY500,390,20.88,8143.2,8145.55,84.89,0.0311
2024-04-10,NSE:MASPTOP50,178,45.73,8139.94,8163.42,85.11,0.1308
2024-04-18,NSE:MOREALTY,87,93.59,8142.33,8163.42,64.02,0.0229
2024-04-19,NSE:SMALLCAP,180,45.28,8150.4,8163.42,76.16,0.0232
2024-04-26,NSE:PSUBNKBEES,99,81.97,8115.03,8172.81,56.14,0.0342
2024-04-29,NSE:MOM100,151,54.14,8175.14,8182.18,56.98,0.0221
2024-04-30,NSE:MOVALUE,81,100.43,8134.83,8192.57,82.77,0.0476
2024-05-02,NSE:ICICIB22,75,108.3,8122.5,8202.77,68.77,0.0364
2024-05-03,NSE:BSE500IETF,233,35.18,8196.94,8212.98,53.66,0.0127
2024-05-07,NSE:QUAL30IETF,434,18.968,8232.11,8233.11,51.85,0.0019
2024-05-17,NSE:MAKEINDIA,60,137.2,8232.0,8243.29,71.91,0.0474
2024-05-21,NSE:NEXT50IETF,116,70.89,8223.24,8254.91,67.91,0.0548
2024-05-22,NSE:CPSEETF,88,93.57,8234.16,8270.77,66.48,0.0759
2024-05-23,NSE:MOREALTY,80,102.89,8231.2,8284.55,65.47,0.0577
2024-05-24,NSE:ALPHA,160,51.75,8280.0,8297.89,65.26,0.0599
2024-05-27,NSE:MIDSELIETF,506,16.4,8298.4,8310.63,69.4,0.0377
2024-05-28,NSE:CONSUMBEES,70,117.28,8209.6,8322.28,70.12,0.0164
2024-05-29,NSE:MONQ50,131,63.22,8281.82,8331.78,82.3,0.0121
2024-06-04,NSE:PSUBNKBEES,105,78.79,8272.95,8346.44,50.95,-0.0219
2024-06-05,NSE:HDFCSENSEX,101,82.41,8323.41,8359.28,56.49,0.0022
2024-06-07,NSE:QUAL30IETF,408,20.5,8364.0,8369.31,79.49,0.041
2024-06-10,NSE:NIFTYBEES,32,257.94,8254.08,8381.88,62.15,0.0243
2024-06-11,NSE:NV20IETF,592,14.17,8388.64,8394.08,57.95,0.0203
2024-06-12,NSE:HDFCSML250,50,166.45,8322.5,8406.9,63.33,0.0465
2024-06-13,NSE:SMALLCAP,167,50.15,8375.05,8422.04,65.26,0.0603
2024-06-14,NSE:ALPL30IETF,292,28.81,8412.52,8435.48,63.61,0.0304
2024-06-18,NSE:ABSLPSE,777,10.87,8445.99,8451.0,51.84,0.0259
2024-06-19,NSE:MOM100,144,58.76,8461.44,8466.0,65.59,0.0369
2024-06-20,NSE:BANKBEES,15,530.34,7955.1,8479.03,71.23,0.0429
2024-06-21,NSE:PVTBANIETF,329,25.78,8481.62,8492.9,66.32,0.0439
2024-06-24,NSE:BFSI,361,23.55,8501.55,8505.7,56.05,0.0393
2024-06-25,NSE:MAKEINDIA,57,147.54,8409.78,8517.97,84.06,0.0276
2024-06-26,NSE:MOREALTY,77,110.15,8481.55,8530.02,72.21,0.0184
2024-06-27,NSE:MONIFTY500,378,22.59,8539.02,8542.48,86.45,0.0241
2024-06-28,NSE:BSE500IETF,224,38.03,8518.72,8553.7,92.61,0.0313
2024-07-01,NSE:MON100,52,161.94,8420.88,8564.43,74.88,0.0244
2024-07-02,NSE:LOWVOLIETF,412,20.78,8561.36,8575.11,68.48,0.0162
2024-07-03,NSE:HDFCSENSEX,96,88.65,8510.4,8586.12,87.29,0.0323
2024-07-04,NSE:PHARMABEES,418,20.52,8577.36,8596.72,66.96,0.0249
2024-07-05,NSE:MIDSELIETF,480,17.9,8592.0,8609.0,72.33,0.0406
2024-07-08,NSE:TNIDETF,98,87.76,8600.48,8623.08,93.54,0.0394
2024-07-09,NSE:ALPHA,151,56.92,8594.92,8636.01,84.91,0.0456
2024-07-10,NSE:HEALTHY,646,13.38,8643.48,8648.93,91.76,0.0406
2024-07-11,NSE:FMCGIETF,138,62.32,8600.16,8661.5,94.28,0.0381
2024-07-12,NSE:NEXT50IETF,113,76.71,8668.23,8674.47,82.18,0.0208
2024-07-15,NSE:TOP100CASE,822,10.56,8680.32,8687.48,88.57,0.0239
2024-07-16,NSE:MIDCAPETF,401,21.7,8701.7,8702.17,80.0,0.02
2024-07-18,NSE:MOVALUE,79,109.63,8660.77,8716.47,92.04,0.034
2024-07-19,NSE:CPSEETF,88,98.41,8660.08,8732.01,64.56,0.011
2024-07-22,NSE:MOM30IETF,243,35.88,8718.84,8743.19,44.71,-0.0174
2024-07-23,NSE:MONQ50,129,67.35,8688.15,8754.76,52.17,-0.0418
2024-07-24,NSE:INFRAIETF,93,93.15,8662.95,8754.76,47.04,-0.0089
2024-07-25,NSE:ICICIB22,75,116.69,8751.75,8754.76,67.7,0.0136
2024-07-26,NSE:QUAL30IETF,391,22.34,8734.94,8754.76,81.48,0.0274
2024-07-29,NSE:CONSUMBEES,67,129.57,8681.19,8766.2,80.6,0.0312
2024-07-30,NSE:HDFCSML250,48,180.65,8671.2,8777.98,56.3,0.0217
2024-07-31,NSE:SMALLCAP,162,53.94,8738.28,8790.43,56.41,0.0163
2024-08-01,NSE:NIFTYBEES,31,278.33,8628.23,8802.44,74.93,0.0183
2024-08-02,NSE:NV20IETF,565,15.58,8802.7,8815.13,65.57,0.0115
2024-08-05,NSE:ABSLPSE,788,11.18,8809.84,8815.13,42.45,-0.0138
2024-08-06,NSE:PHARMABEES,401,21.98,8813.98,8815.13,66.4,0.0219
2024-08-09,NSE:HEALTHY,619,14.26,8826.94,8826.97,75.58,0.035
2024-08-19,NSE:TNIDETF,93,94.68,8805.24,8838.6,58.45,0.0359
2024-08-22,NSE:LOWVOLIETF,397,22.26,8837.22,8849.54,54.81,0.0192
2024-08-23,NSE:MOM100,141,62.79,8853.39,8861.57,53.35,0.0172
2024-08-26,NSE:ALPL30IETF,286,30.98,8860.28,8872.75,74.66,0.0186
2024-08-28,NSE:FMCGIETF,134,65.83,8821.22,8884.21,62.78,0.0084
2024-08-29,NSE:PHARMABEES,380,23.37,8880.6,8895.63,78.34,0.0308
2024-09-09,NSE:GROWWEV,267,33.27,8883.09,8895.63,54.31,-0.0029
2024-09-13,NSE:METALIETF,948,9.39,8901.72,8906.43,44.12,0.0123
2024-09-16,NSE:MONIFTY500,369,24.12,8900.28,8916.79,66.67,0.0141
2024-09-17,NSE:QUAL30IETF,377,23.67,8923.59,8928.69,69.57,0.0196
2024-09-18,NSE:CONSUMBEES,64,137.78,8817.92,8928.69,78.56,0.0242
2024-09-20,NSE:MODEFENCE,122,73.03,8909.66,8928.69,39.18,-0.0275
2024-09-23,NSE:BFSI,349,25.57,8923.93,8941.15,75.94,0.0443
2024-09-24,NSE:BSE500IETF,217,41.11,8920.87,8953.24,65.61,0.0249
2024-09-25,NSE:MIDSELIETF,471,19.01,8953.71,8964.75,55.26,0.011
2024-09-26,NSE:HDFCSENSEX,94,94.96,8926.24,8975.5,84.6,0.028
2024-09-27,NSE:MIDSMALL,164,54.66,8964.24,8987.3,63.41,0.0055
2024-09-30,NSE:MULTICAP,533,16.86,8986.38,9000.09,64.42,0.0056
2024-10-01,NSE:OILIETF,689,13.07,9005.23,9014.94,64.58,0.0121
2024-10-03,NSE:MAKEINDIA,58,155.16,8999.28,9014.94,56.15,0.0049
2024-10-04,NSE:MOM30IETF,241,37.44,9023.04,9028.05,52.83,-0.0012
2024-10-07,NSE:TOP10ADD,95,94.6772,8994.33,9028.05,31.52,-0.0335
2024-10-08,NSE:METALIETF,921,9.81,9035.01,9040.54,63.19,0.0152
2024-10-09,NSE:HNGSNGBEES,24,367.87,8828.88,9040.54,74.98,0.133
2024-10-10,NSE:HEALTHY,601,15.04,9039.04,9052.23,55.76,0.0002
2024-10-11,NSE:MAHKTECH,450,20.08,9036.0,9052.23,77.45,0.202
2024-10-28,NSE:MOMENTUM50,154,58.4668,9003.89,9052.23,26.68,-0.0575
2024-11-11,NSE:MON100,51,175.43,8946.93,9065.13,73.76,0.0479
2024-11-12,NSE:MASPTOP50,171,53.04,9069.84,9097.68,78.56,0.1414
2024-11-13,NSE:MAFANG,83,108.78,9028.74,9124.79,71.98,0.0851
2024-11-19,NSE:VAL30IETF,728,12.5174,9112.67,9124.79,35.54,-0.0373
2024-11-28,NSE:MONQ50,126,72.47,9131.22,9138.81,68.5,0.0475
2024-12-03,NSE:MONQ50,109,83.81,9135.29,9152.09,78.88,0.179
2024-12-04,NSE:MAFANG,75,121.63,9122.25,9164.23,64.6,0.1089
2024-12-05,NSE:MASPTOP50,160,57.22,9155.2,9177.01,71.97,0.0938
2024-12-06,NSE:TNIDETF,90,101.94,9174.6,9188.93,81.16,0.0535
2024-12-09,NSE:VAL30IETF,684,13.4433,9195.22,9201.93,86.47,0.0394
2024-12-10,NSE:MAFANG,69,131.84,9096.96,9214.44,94.29,0.1427
2024-12-11,NSE:MON100,47,192.46,9045.62,9227.14,87.57,0.0859
2024-12-17,NSE:MON100,43,212.93,9155.99,9240.55,94.46,0.1593
2025-01-06,NSE:MAFANG,69,133.77,9230.13,9253.09,50.01,-0.0061
2025-01-21,NSE:MONQ50,105,88.21,9262.05,9264.64,55.51,0.0252
2025-01-23,NSE:MAFANG,67,137.43,9207.81,9276.07,44.67,0.0145
2025-01-24,NSE:CONSUMER,862,10.7542,9270.12,9276.07,23.86,-0.056
2025-02-04,NSE:MIDCAP,58,159.55,9253.9,9294.33,50.0,0.0025
2025-02-05,NSE:MAHKTECH,439,21.17,9293.63,9305.24,75.05,0.0975
2025-02-11,NSE:MAHKTECH,402,23.14,9302.28,9318.49,83.52,0.1404
2025-02-17,NSE:HNGSNGBEES,22,415.8,9147.6,9340.21,82.59,0.1383
2025-02-19,NSE:MAHKTECH,380,24.56,9332.8,9351.48,76.89,0.1273
2025-02-20,NSE:MASPTOP50,155,60.24,9337.2,9372.07,56.95,0.0192
2025-03-03,NSE:AUTOIETF,446,20.99,9361.54,9372.07,13.03,-0.0758
2025-03-04,NSE:FINIETF,380,24.63,9359.4,9372.07,47.11,-0.0287
2025-03-06,NSE:HNGSNGBEES,21,436.4,9164.4,9383.34,65.01,0.0569
2025-03-11,NSE:GROWWRAIL,290,32.34,9378.6,9394.64,48.56,-0.0213
2025-03-24,NSE:MAHKTECH,391,24.02,9391.82,9408.59,36.26,-0.0543
2025-03-25,NSE:MSCIINDIA,340,27.72,9424.8,9427.69,78.15,0.0433
2025-04-22,NSE:SBINEQWETF,311,30.29,9420.19,9439.98,57.19,0.0376
2025-04-23,NSE:GROWWRAIL,260,36.27,9430.2,9451.37,64.33,0.0413
2025-04-24,NSE:AONETOTAL,848,11.1565,9460.71,9467.68,64.56,0.0416
2025-04-30,NSE:FINIETF,343,27.57,9456.51,9483.79,69.77,0.0117
2025-05-16,NSE:BANKBEES,16,567.6,9081.6,9495.38,56.24,0.0085
2025-05-19,NSE:PVTBANIETF,343,27.71,9504.53,9507.11,51.89,0.0096
2025-05-20,NSE:BFSI,353,26.95,9513.35,9521.21,51.08,0.0022
2025-05-21,NSE:MSCIINDIA,325,29.28,9516.0,9521.21,59.38,0.0156
2025-05-26,NSE:GROWWN200,853,11.1755,9532.7,9532.91,63.6,0.0209
2025-06-06,NSE:AUTOIETF,394,24.19,9530.86,9544.54,42.73,0.0065
2025-06-30,NSE:GROWWRAIL,246,38.77,9537.42,9556.81,37.38,-0.0024
2025-07-01,NSE:MODEFENCE,97,97.8,9486.6,9568.29,53.25,0.0065
2025-07-04,NSE:FINIETF,311,30.73,9557.03,9582.5,53.22,-0.0002
2025-08-18,NSE:AONETOTAL,828,11.58,9588.24,9596.08,50.0,-0.0008
2025-08-19,NSE:MOMIDMTM,153,62.6516,9585.69,9607.81,52.71,0.0089
2025-09-01,NSE:ALPHAETF,386,24.9,9611.4,9621.4,60.43,0.0014
2025-09-02,NSE:TOP15IETF,946,10.1866,9636.52,9638.04,57.78,0.0011
2025-09-30,NSE:CONSUMER,812,11.89,9654.68,9659.3,26.83,-0.0284
2025-10-01,NSE:AUTOIETF,350,27.55,9642.5,9669.45,49.79,-0.0032
2025-10-06,NSE:SBINEQWETF,299,32.37,9678.63,9683.09,51.74,0.0012
2025-10-20,NSE:MAHKTECH,355,27.26,9677.3,9694.79,44.48,-0.0667
2025-10-28,NSE:HNGSNGBEES,18,517.69,9318.42,9707.35,30.58,-0.0153
2025-10-30,NSE:MONQ50,97,99.49,9650.53,9719.18,38.49,-0.0154
2025-11-18,NSE:MON100,41,234.28,9605.48,9731.35,36.55,-0.0221
2025-11-20,NSE:MAFANG,58,167.41,9709.78,9742.0,28.07,-0.0311
2025-11-21,NSE:MASPTOP50,145,67.12,9732.4,9754.34,29.69,-0.0397
2025-11-24,NSE:METALIETF,970,10.06,9758.2,9765.56,26.09,-0.0445
2025-11-27,NSE:SML100CASE,970,10.0795,9777.12,9777.59,43.77,-0.0135
2025-11-28,NSE:GROWWNET,916,10.6831,9785.72,9788.12,47.9,-0.0066
2025-12-03,NSE:PSUBNKBEES,106,92.08,9760.48,9800.01,47.88,-0.0199
2025-12-23,NSE:BANKBEES,16,610.64,9770.24,9811.89,45.18,-0.0022
2025-12-31,NSE:MASPTOP50,137,71.41,9783.17,9824.75,44.61,-0.0063
2026-01-01,NSE:TOP10ADD,97,101.27,9823.19,9835.82,51.46,-0.0029
2026-01-05,NSE:TOP15IETF,888,11.0917,9849.43,9849.8,52.92,0.0039
2026-01-15,NSE:MSCIINDIA,322,30.63,9862.86,9865.06,39.24,-0.0117
2026-01-29,NSE:AUTOIETF,361,27.35,9873.35,9876.96,20.26,-0.041
2026-02-11,NSE:HNGSNGBEES,17,550.05,9350.85,9887.95,53.28,0.0099
2026-02-12,NSE:NIFTYBEES,33,292.27,9644.91,9901.73,61.95,0.0115
2026-02-25,NSE:INFRAIETF,100,98.92,9892.0,9914.37,56.67,0.0091
2026-04-06,NSE:AUTOIETF,396,25.08,9931.68,9932.7,44.9,-0.0285
2026-04-09,NSE:GROWWHOSPI,215,46.19,9930.85,9949.97,53.27,0.0125
2026-04-13,NSE:PSUBNKBEES,103,96.77,9967.31,9967.76,54.67,0.028
2026-04-16,NSE:CPSEETF,94,105.43,9910.42,9978.71,83.97,0.0345
2026-04-27,NSE:AUTOIETF,372,26.85,9988.2,9992.23,66.92,0.0195
2026-04-29,NSE:BFSI,373,26.78,9988.94,10006.54,48.02,0.0073
2026-05-05,NSE:MOVALUE,85,117.33,9973.05,10019.61,51.99,0.0013
2026-05-06,NSE:ICICIB22,80,124.55,9964.0,10019.61,54.58,0.002
2026-05-15,NSE:GROWWPOWER,834,12.04,10041.36,10044.96,35.97,-0.0152
2026-05-18,NSE:VAL30IETF,651,15.43,10044.93,10058.08,32.45,-0.0282
2026-05-27,NSE:FINIETF,310,32.43,10053.3,10069.26,43.29,0.0093
2026-05-28,NSE:HEALTHY,627,16.07,10075.89,10081.36,58.22,0.0073
2026-06-18,NSE:MASPTOP50,127,79.11,10046.97,10092.94,37.03,-0.0226
2026-06-23,NSE:METALIETF,793,12.74,10102.82,10105.71,30.18,-0.0372
2026-07-01,NSE:MAFANG,54,186.63,10078.02,10117.6,44.85,-0.0309
2026-07-17,NSE:GROWWPOWER,866,11.69,10123.54,10130.66,29.37,-0.0239
2026-07-28,NSE:MON100,31,318.46,9872.26,10142.94,43.29,-0.0295
2026-07-29,NSE:ENERGY,264,38.36,10127.04,10142.94,38.06,-0.0229
2026-07-30,NSE:MAFANG,53,189.08,10021.24,10155.99,39.82,-0.0287
2026-08-03,NSE:MONQ50,72,140.56,10120.32,10168.17,37.89,-0.0132
2026-08-06,NSE:GROWWHOSPI,188,53.99,10150.12,10179.88,51.3,-0.0023
2026-08-07,NSE:MOM100,149,68.02,10134.98,10196.97,51.79,0.0043
