date,equity
2020-01-01,300000.0
2020-01-02,300033.12
2020-01-03,299916.32
2020-01-06,299428.95
2020-01-07,299494.16
2020-01-08,299392.81
2020-01-09,300077.7
2020-01-10,300324.37
2020-01-13,300598.77
2020-01-14,300897.68
2020-01-15,300832.29
2020-01-16,300840.05
2020-01-17,300736.88
2020-01-20,300213.59
2020-01-21,299790.78
2020-01-22,298976.17
2020-01-23,299642.13
2020-01-24,300387.79
2020-01-27,299821.89
2020-01-28,299044.85
2020-01-29,299732.22
2020-01-30,299111.63
2020-01-31,298425.34
2020-02-03,296993.57
2020-02-04,297816.26
2020-02-05,298582.51
2020-02-06,299380.99
2020-02-07,299293.58
2020-02-10,298396.35
2020-02-11,298927.02
2020-02-12,298999.34
2020-02-13,298877.46
2020-02-14,298210.01
2020-02-17,297719.07
2020-02-18,297100.08
2020-02-19,297929.31
2020-02-20,298213.29
2020-02-24,297056.02
2020-02-25,296672.02
2020-02-26,295995.55
2020-02-27,295517.42
2020-02-28,293050.69
2020-03-02,292792.29
2020-03-03,293746.69
2020-03-04,293358.56
2020-03-05,293789.62
2020-03-06,291885.5
2020-03-09,289802.64
2020-03-11,288385.74
2020-03-12,283271.74
2020-03-13,285271.96
2020-03-16,283479.27
2020-03-17,281225.88
2020-03-18,279119.84
2020-03-19,277224.62
2020-03-20,278640.17
2020-03-23,273735.41
2020-03-24,275926.65
2020-03-25,276905.49
2020-03-26,278099.63
2020-03-27,279252.42
2020-03-30,277843.35
2020-03-31,278629.51
2020-04-01,277883.55
2020-04-03,277300.64
2020-04-07,279222.19
2020-04-08,279054.96
2020-04-09,280650.55
2020-04-13,279933.68
2020-04-15,280627.99
2020-04-16,280601.12
2020-04-17,282451.84
2020-04-20,282655.66
2020-04-21,281107.44
2020-04-22,281601.75
2020-04-23,281732.21
2020-04-24,280839.02
2020-04-27,281524.67
2020-04-28,281835.05
2020-04-29,282182.17
2020-04-30,283552.86
2020-05-04,281092.35
2020-05-05,281197.1
2020-05-06,281041.89
2020-05-07,280487.62
2020-05-08,280678.28
2020-05-11,280573.29
2020-05-12,280691.91
2020-05-13,281823.75
2020-05-14,280916.96
2020-05-15,280061.76
2020-05-18,278829.89
2020-05-19,278567.64
2020-05-20,278987.36
2020-05-21,279281.31
2020-05-22,278594.61
2020-05-26,279159.12
2020-05-27,279735.47
2020-05-28,280536.39
2020-05-29,281138.89
2020-06-01,282890.16
2020-06-02,283346.46
2020-06-03,284331.43
2020-06-04,284082.45
2020-06-05,285029.81
2020-06-08,285671.42
2020-06-09,285104.86
2020-06-10,285556.9
2020-06-11,284685.15
2020-06-12,284502.54
2020-06-15,283812.23
2020-06-16,283898.66
2020-06-17,283936.58
2020-06-18,284677.66
2020-06-19,279688.31
2020-06-22,286155.23
2020-06-23,287210.68
2020-06-24,286666.65
2020-06-25,286461.33
2020-06-26,286909.59
2020-06-29,286056.78
2020-06-30,285974.29
2020-07-01,286657.12
2020-07-02,287066.72
2020-07-03,281348.78
2020-07-06,288223.01
2020-07-07,288272.31
2020-07-08,288273.24
2020-07-09,288625.32
2020-07-10,288081.36
2020-07-13,288117.33
2020-07-14,287029.57
2020-07-15,287290.58
2020-07-16,287185.87
2020-07-17,287996.59
2020-07-20,288501.82
2020-07-21,289461.61
2020-07-22,289147.44
2020-07-23,289725.86
2020-07-24,289229.6
2020-07-27,288590.66
2020-07-28,289036.14
2020-07-29,289279.2
2020-07-30,288718.54
2020-07-31,288955.22
2020-08-03,288243.18
2020-08-04,288738.89
2020-08-05,288961.18
2020-08-06,289405.19
2020-08-07,289806.32
2020-08-10,290199.35
2020-08-11,290432.5
2020-08-12,290531.34
2020-08-13,290796.91
2020-08-14,290342.13
2020-08-17,290616.49
2020-08-18,291258.78
2020-08-19,291559.02
2020-08-20,291660.33
2020-08-21,292358.2
2020-08-24,292599.71
2020-08-25,292866.17
2020-08-26,293100.84
2020-08-27,293284.52
2020-08-28,293804.04
2020-08-31,292253.06
2020-09-01,292378.86
2020-09-02,292925.74
2020-09-03,293024.53
2020-09-04,291624.23
2020-09-07,291241.5
2020-09-08,291002.64
2020-09-09,290044.0
2020-09-10,290673.18
2020-09-11,290829.36
2020-09-14,291212.28
2020-09-15,291434.44
2020-09-16,291681.8
2020-09-17,291152.16
2020-09-18,291259.04
2020-09-21,289534.48
2020-09-22,288847.61
2020-09-23,288473.87
2020-09-24,286973.87
2020-09-25,288394.21
2020-09-28,289649.1
2020-09-29,289378.03
2020-09-30,289409.62
2020-10-01,290235.26
2020-10-05,290431.18
2020-10-06,290819.43
2020-10-07,290850.55
2020-10-08,291160.37
2020-10-09,291713.81
2020-10-12,291763.08
2020-10-13,291692.69
2020-10-14,291528.32
2020-10-15,290374.03
2020-10-16,290897.63
2020-10-19,291857.18
2020-10-20,291853.74
2020-10-21,291858.69
2020-10-22,291924.23
2020-10-23,292461.59
2020-10-26,291741.75
2020-10-27,292417.79
2020-10-28,292045.07
2020-10-29,291442.4
2020-10-30,291373.96
2020-11-02,291762.56
2020-11-03,292720.38
2020-11-04,293196.51
2020-11-05,294475.61
2020-11-06,295015.5
2020-11-09,296394.14
2020-11-10,296811.43
2020-11-11,297463.11
2020-11-12,297409.45
2020-11-13,297718.47
2020-11-14,298483.45
2020-11-17,298690.91
2020-11-18,299205.09
2020-11-19,298864.61
2020-11-20,299360.05
2020-11-23,299665.32
2020-11-24,300351.73
2020-11-25,299877.75
2020-11-26,300407.81
2020-11-27,300714.47
2020-12-01,301541.28
2020-12-02,301893.97
2020-12-03,302469.57
2020-12-04,303207.2
2020-12-07,303881.52
2020-12-08,304198.42
2020-12-09,304606.58
2020-12-10,304642.88
2020-12-11,304984.84
2020-12-14,305692.29
2020-12-15,305760.15
2020-12-16,306204.02
2020-12-17,306092.62
2020-12-18,306048.34
2020-12-21,303227.57
2020-12-22,304132.81
2020-12-23,304965.83
2020-12-24,305442.43
2020-12-28,306255.06
2020-12-29,306364.83
2020-12-30,306530.06
2020-12-31,306859.05
2021-01-01,307351.93
2021-01-04,308018.41
2021-01-05,308410.98
2021-01-06,308701.62
2021-01-07,308967.54
2021-01-08,309866.62
2021-01-11,310297.34
2021-01-12,310769.9
2021-01-13,310922.54
2021-01-14,311062.62
2021-01-15,310076.13
2021-01-18,308881.68
2021-01-19,310326.49
2021-01-20,310933.67
2021-01-21,310715.73
2021-01-22,309449.15
2021-01-25,309527.96
2021-01-27,308381.47
2021-01-28,307549.29
2021-01-29,307166.47
2021-02-01,310037.19
2021-02-02,311976.29
2021-02-03,313156.47
2021-02-04,313943.42
2021-02-05,314168.44
2021-02-08,314990.07
2021-02-09,314870.64
2021-02-10,314828.13
2021-02-11,314743.35
2021-02-12,314735.75
2021-02-15,315649.0
2021-02-16,316131.32
2021-02-17,316212.84
2021-02-18,316733.28
2021-02-19,315461.91
2021-02-22,313703.71
2021-02-23,313830.98
2021-02-24,315128.16
2021-02-25,316050.18
2021-02-26,313407.71
2021-03-01,314756.76
2021-03-02,315317.91
2021-03-03,316620.46
2021-03-04,315970.22
2021-03-05,314640.78
2021-03-08,315066.24
2021-03-09,315087.24
2021-03-10,315508.48
2021-03-12,315074.91
2021-03-15,314636.02
2021-03-16,314726.14
2021-03-17,313466.61
2021-03-18,312509.3
2021-03-19,312927.41
2021-03-22,313073.95
2021-03-23,313530.74
2021-03-24,312549.0
2021-03-25,311223.16
2021-03-26,311705.1
2021-03-30,313064.8
2021-03-31,313203.72
2021-04-01,313899.33
2021-04-05,313044.56
2021-04-06,313023.78
2021-04-07,314128.26
2021-04-08,314462.43
2021-04-09,314624.88
2021-04-12,311875.97
2021-04-13,312369.95
2021-04-15,312461.22
2021-04-16,313217.67
2021-04-19,311546.59
2021-04-20,311474.11
2021-04-22,311711.2
2021-04-23,311571.93
2021-04-26,312277.39
2021-04-27,313031.24
2021-04-28,313925.87
2021-04-29,314017.33
2021-04-30,313360.7
2021-05-03,313310.19
2021-05-04,312942.96
2021-05-05,313623.09
2021-05-06,313676.97
2021-05-07,314059.17
2021-05-10,308755.1
2021-05-11,308517.19
2021-05-12,314568.79
2021-05-14,314153.76
2021-05-17,315408.18
2021-05-18,316239.11
2021-05-19,316216.1
2021-05-20,315876.95
2021-05-21,316789.16
2021-05-24,317318.06
2021-05-25,317347.52
2021-05-26,317614.05
2021-05-27,317890.06
2021-05-28,318149.17
2021-05-31,318397.28
2021-06-01,318475.88
2021-06-02,318736.29
2021-06-03,319343.07
2021-06-04,319504.78
2021-06-07,320319.75
2021-06-08,320228.21
2021-06-09,319944.05
2021-06-10,320528.56
2021-06-11,320745.97
2021-06-14,320833.9
2021-06-15,321368.5
2021-06-16,320969.3
2021-06-17,314380.32
2021-06-18,314122.27
2021-06-21,320538.53
2021-06-22,320894.56
2021-06-23,320572.02
2021-06-24,320891.55
2021-06-25,321561.56
2021-06-28,321971.5
2021-06-29,321771.21
2021-06-30,321563.16
2021-07-01,321585.24
2021-07-02,321655.96
2021-07-05,322365.53
2021-07-06,322242.36
2021-07-07,322606.66
2021-07-08,321802.67
2021-07-09,321605.07
2021-07-12,321964.86
2021-07-13,322465.87
2021-07-14,322706.56
2021-07-15,322727.83
2021-07-16,322800.24
2021-07-19,322112.37
2021-07-20,321223.42
2021-07-22,322087.63
2021-07-23,322544.8
2021-07-26,322623.41
2021-07-27,321992.93
2021-07-28,321361.82
2021-07-29,321764.22
2021-07-30,321989.99
2021-08-02,322556.61
2021-08-03,322913.95
2021-08-04,323341.91
2021-08-05,323308.56
2021-08-06,323537.14
2021-08-09,323136.41
2021-08-10,322697.78
2021-08-11,322607.31
2021-08-12,323006.59
2021-08-13,323408.49
2021-08-16,323301.21
2021-08-17,323254.15
2021-08-18,323137.4
2021-08-20,322084.28
2021-08-23,322132.14
2021-08-24,322865.99
2021-08-25,323218.16
2021-08-26,323072.52
2021-08-27,323649.78
2021-08-30,324913.42
2021-08-31,325629.33
2021-09-01,326088.21
2021-09-02,326634.48
2021-09-03,326829.73
2021-09-06,327113.41
2021-09-07,326892.6
2021-09-08,327026.72
2021-09-09,327230.53
2021-09-13,320888.88
2021-09-14,321285.81
2021-09-15,322169.2
2021-09-16,323017.41
2021-09-17,322601.13
2021-09-20,321288.69
2021-09-21,321648.16
2021-09-22,322001.8
2021-09-23,322951.0
2021-09-24,322609.12
2021-09-27,322474.56
2021-09-28,322388.43
2021-09-29,322600.06
2021-09-30,322232.57
2021-10-01,321937.32
2021-10-04,322947.81
2021-10-05,323212.05
2021-10-06,322286.6
2021-10-07,323161.27
2021-10-08,323433.67
2021-10-11,324186.34
2021-10-12,324431.3
2021-10-13,325053.29
2021-10-14,326064.31
2021-10-18,334703.75
2021-10-19,333744.52
2021-10-20,332768.86
2021-10-21,332237.77
2021-10-22,331692.69
2021-10-25,331581.54
2021-10-26,332548.78
2021-10-27,332523.28
2021-10-28,330469.65
2021-10-29,330122.03
2021-11-01,331637.45
2021-11-02,332008.91
2021-11-03,331456.07
2021-11-04,332714.61
2021-11-08,333152.0
2021-11-09,333197.86
2021-11-10,332543.72
2021-11-11,331799.3
2021-11-12,332308.53
2021-11-15,332842.6
2021-11-16,332389.95
2021-11-17,332192.56
2021-11-18,331338.26
2021-11-22,329725.28
2021-11-23,330201.89
2021-11-24,330053.17
2021-11-25,330383.23
2021-11-26,328196.89
2021-11-29,327320.17
2021-11-30,327560.6
2021-12-01,328015.36
2021-12-02,328743.11
2021-12-03,328003.67
2021-12-06,326254.62
2021-12-07,327572.74
2021-12-08,329210.29
2021-12-09,329632.36
2021-12-10,329973.65
2021-12-13,329834.86
2021-12-14,329282.75
2021-12-15,328734.92
2021-12-16,328702.37
2021-12-17,326545.75
2021-12-20,324225.92
2021-12-21,324585.2
2021-12-22,325732.41
2021-12-23,326756.31
2021-12-24,326375.98
2021-12-27,326623.48
2021-12-28,327771.46
2021-12-29,327896.58
2021-12-30,327781.15
2021-12-31,328644.52
2022-01-03,329689.95
2022-01-04,330454.9
2022-01-05,330750.43
2022-01-06,329740.67
2022-01-07,330400.23
2022-01-10,331337.45
2022-01-11,331333.22
2022-01-12,332515.63
2022-01-13,333099.55
2022-01-14,332726.13
2022-01-17,332910.53
2022-01-18,331501.56
2022-01-19,330896.73
2022-01-20,330448.82
2022-01-21,328848.76
2022-01-24,326009.03
2022-01-25,326787.43
2022-01-27,325490.16
2022-01-28,325699.67
2022-01-31,327898.48
2022-02-01,329474.69
2022-02-02,331644.0
2022-02-03,330292.42
2022-02-04,329801.15
2022-02-07,328569.43
2022-02-08,328141.12
2022-02-09,329564.37
2022-02-10,330580.84
2022-02-11,328817.44
2022-02-14,319160.87
2022-02-15,327577.12
2022-02-16,327800.91
2022-02-17,327486.99
2022-02-18,326882.85
2022-02-21,325251.14
2022-02-22,324241.92
2022-02-23,324540.46
2022-02-24,318983.47
2022-02-25,322230.27
2022-02-28,322942.86
2022-03-02,322460.05
2022-03-03,322508.58
2022-03-04,320089.11
2022-03-07,318022.43
2022-03-08,318169.21
2022-03-09,319908.69
2022-03-10,321420.05
2022-03-11,321883.07
2022-03-14,321480.15
2022-03-15,319446.79
2022-03-16,322988.53
2022-03-17,324871.4
2022-03-21,325469.32
2022-03-22,326190.12
2022-03-23,326806.68
2022-03-24,326657.67
2022-03-25,326139.81
2022-03-28,326697.63
2022-03-29,327250.93
2022-03-30,328004.09
2022-03-31,328003.57
2022-04-01,329540.27
2022-04-04,331504.59
2022-04-05,332191.17
2022-04-06,331811.62
2022-04-07,330657.34
2022-04-08,331645.49
2022-04-11,330855.9
2022-04-12,329659.9
2022-04-13,329652.32
2022-04-18,328084.63
2022-04-19,327188.81
2022-04-20,327752.16
2022-04-21,328601.74
2022-04-22,326598.74
2022-04-25,324138.19
2022-04-26,326029.4
2022-04-27,324648.61
2022-04-28,326031.35
2022-04-29,325419.6
2022-05-02,318510.98
2022-05-04,322619.23
2022-05-05,322672.19
2022-05-06,320081.67
2022-05-09,318438.13
2022-05-10,316869.91
2022-05-11,316153.07
2022-05-12,313194.03
2022-05-13,313867.31
2022-05-16,315152.83
2022-05-17,317693.89
2022-05-18,317859.23
2022-05-19,314977.05
2022-05-20,317212.0
2022-05-23,317135.03
2022-05-24,315729.95
2022-05-25,313801.36
2022-05-26,314553.15
2022-05-27,316804.77
2022-05-30,319683.18
2022-05-31,320056.06
2022-06-01,319316.24
2022-06-02,319403.13
2022-06-03,319338.75
2022-06-06,319069.78
2022-06-07,318071.87
2022-06-08,318699.3
2022-06-09,318887.03
2022-06-10,317964.08
2022-06-13,314239.85
2022-06-14,313603.58
2022-06-15,313599.15
2022-06-16,310963.92
2022-06-17,310136.47
2022-06-20,309861.31
2022-06-21,311935.07
2022-06-22,310332.03
2022-06-23,311314.22
2022-06-24,313257.44
2022-06-27,315228.52
2022-06-28,315108.21
2022-06-29,314044.57
2022-06-30,313686.08
2022-07-01,313534.27
2022-07-04,314962.84
2022-07-05,314693.14
2022-07-06,316003.47
2022-07-07,317322.24
2022-07-08,318047.87
2022-07-11,318449.73
2022-07-12,317147.43
2022-07-13,317195.18
2022-07-14,316722.98
2022-07-15,317200.42
2022-07-18,319201.95
2022-07-19,319657.55
2022-07-20,320951.19
2022-07-21,321991.71
2022-07-22,322425.14
2022-07-25,322070.26
2022-07-26,320643.34
2022-07-27,321566.69
2022-07-28,322829.17
2022-07-29,324059.52
2022-08-01,325592.62
2022-08-02,325720.09
2022-08-03,325720.84
2022-08-04,326382.6
2022-08-05,326794.92
2022-08-08,327453.98
2022-08-10,326808.56
2022-08-11,328205.3
2022-08-12,328389.17
2022-08-16,329403.73
2022-08-17,323461.99
2022-08-18,330116.48
2022-08-19,328583.67
2022-08-22,326523.82
2022-08-23,326998.45
2022-08-24,327196.39
2022-08-25,327582.5
2022-08-26,328331.58
2022-08-29,326520.91
2022-08-30,328930.83
2022-09-01,328011.5
2022-09-02,328057.28
2022-09-05,328358.56
2022-09-06,328833.44
2022-09-07,328470.69
2022-09-08,329337.37
2022-09-09,330181.37
2022-09-12,331035.02
2022-09-13,331784.61
2022-09-14,330891.92
2022-09-15,330758.33
2022-09-16,328250.07
2022-09-19,327791.95
2022-09-20,329396.16
2022-09-21,328408.53
2022-09-22,328205.19
2022-09-23,325985.31
2022-09-26,323083.26
2022-09-27,323223.73
2022-09-28,321946.71
2022-09-29,322810.4
2022-09-30,324195.3
2022-10-03,322809.02
2022-10-04,325237.79
2022-10-06,326690.75
2022-10-07,326459.11
2022-10-10,325008.59
2022-10-11,322905.89
2022-10-12,323356.7
2022-10-13,322470.82
2022-10-14,323530.47
2022-10-17,323755.31
2022-10-18,326246.13
2022-10-19,326024.45
2022-10-20,326256.39
2022-10-21,326067.76
2022-10-24,327829.64
2022-10-25,327151.77
2022-10-27,327558.87
2022-10-28,327168.64
2022-10-31,328488.4
2022-11-01,330368.37
2022-11-02,330273.54
2022-11-03,329718.32
2022-11-04,329766.82
2022-11-07,330895.38
2022-11-09,330360.19
2022-11-10,328833.93
2022-11-11,331233.44
2022-11-14,331358.74
2022-11-15,332205.11
2022-11-16,332314.14
2022-11-17,331988.76
2022-11-18,331479.94
2022-11-21,330823.54
2022-11-22,330980.74
2022-11-23,331735.06
2022-11-24,332922.06
2022-11-25,333388.09
2022-11-28,333450.88
2022-11-29,334298.06
2022-11-30,334965.87
2022-12-01,336140.29
2022-12-02,336160.28
2022-12-05,337039.43
2022-12-06,336566.81
2022-12-07,335945.58
2022-12-08,336624.82
2022-12-09,336233.2
2022-12-12,336366.85
2022-12-13,337307.82
2022-12-14,338192.35
2022-12-15,336468.26
2022-12-16,334280.49
2022-12-19,334890.36
2022-12-20,333734.24
2022-12-21,332885.44
2022-12-22,332315.91
2022-12-23,328752.8
2022-12-26,331233.54
2022-12-27,332212.21
2022-12-28,332201.17
2022-12-29,331893.64
2022-12-30,332886.57
2023-01-02,333263.21
2023-01-03,333779.36
2023-01-04,332589.03
2023-01-05,332931.65
2023-01-06,332114.8
2023-01-09,333460.52
2023-01-10,332722.57
2023-01-11,332514.97
2023-01-12,332280.63
2023-01-13,333320.09
2023-01-16,333072.7
2023-01-17,333325.7
2023-01-18,334055.03
2023-01-19,333619.86
2023-01-20,333437.78
2023-01-23,334394.21
2023-01-24,334565.26
2023-01-25,332787.79
2023-01-27,331841.29
2023-01-30,331458.8
2023-01-31,331764.83
2023-02-01,331244.27
2023-02-02,332533.19
2023-02-03,333233.93
2023-02-06,333117.58
2023-02-07,333093.41
2023-02-08,334121.15
2023-02-09,334181.2
2023-02-10,333523.77
2023-02-13,332576.7
2023-02-14,333151.59
2023-02-15,333505.22
2023-02-16,334697.95
2023-02-17,333187.67
2023-02-20,332566.15
2023-02-21,332229.56
2023-02-22,330400.19
2023-02-23,330516.13
2023-02-24,329721.82
2023-02-27,328857.49
2023-02-28,328613.2
2023-03-01,330584.52
2023-03-02,330032.98
2023-03-03,331437.86
2023-03-06,332452.02
2023-03-08,332752.44
2023-03-09,331535.85
2023-03-10,330090.86
2023-03-13,328095.53
2023-03-14,327461.02
2023-03-15,327606.31
2023-03-16,328138.22
2023-03-17,329249.06
2023-03-20,327773.09
2023-03-21,328349.15
2023-03-22,329136.43
2023-03-23,328776.69
2023-03-24,327963.63
2023-03-27,327749.53
2023-03-28,327089.86
2023-03-29,329128.21
2023-03-31,331119.25
2023-04-03,331801.79
2023-04-05,332166.42
2023-04-06,332020.62
2023-04-10,332531.16
2023-04-11,333411.24
2023-04-12,333919.17
2023-04-13,333716.02
2023-04-17,334243.57
2023-04-18,334780.02
2023-04-19,333996.68
2023-04-20,333927.02
2023-04-21,333579.31
2023-04-24,334348.88
2023-04-25,334308.92
2023-04-26,334853.38
2023-04-27,335311.7
2023-04-28,336957.75
2023-05-02,338142.51
2023-05-03,337524.04
2023-05-04,338614.56
2023-05-05,338028.29
2023-05-08,339321.09
2023-05-09,339109.84
2023-05-10,339216.96
2023-05-11,333199.0
2023-05-12,333056.46
2023-05-15,333649.52
2023-05-16,340500.31
2023-05-17,340063.39
2023-05-18,327583.28
2023-05-19,340330.99
2023-05-22,340480.46
2023-05-23,341078.61
2023-05-24,340753.35
2023-05-25,341228.04
2023-05-26,342394.84
2023-05-29,331448.38
2023-05-30,344105.87
2023-05-31,343968.71
2023-06-01,344189.43
2023-06-02,345345.76
2023-06-05,345806.25
2023-06-06,345735.65
2023-06-07,347034.91
2023-06-08,346433.91
2023-06-09,346268.51
2023-06-12,346933.63
2023-06-13,348147.22
2023-06-14,348496.49
2023-06-15,348967.1
2023-06-16,350084.61
2023-06-19,349936.86
2023-06-20,350185.99
2023-06-21,350231.31
2023-06-22,349078.85
2023-06-23,347860.81
2023-06-26,348204.85
2023-06-27,349112.23
2023-06-28,350073.95
2023-06-30,351529.13
2023-07-03,339745.99
2023-07-04,340082.24
2023-07-05,340669.01
2023-07-06,341729.92
2023-07-07,354135.96
2023-07-10,353234.18
2023-07-11,341047.68
2023-07-12,341326.71
2023-07-13,341256.93
2023-07-14,356150.2
2023-07-17,356933.96
2023-07-18,343203.17
2023-07-19,357822.12
2023-07-20,358631.93
2023-07-21,357625.09
2023-07-24,357293.48
2023-07-25,343826.98
2023-07-26,358398.52
2023-07-27,345163.06
2023-07-28,359685.43
2023-07-31,346916.86
2023-08-01,346897.22
2023-08-02,344841.61
2023-08-03,357603.83
2023-08-04,358974.15
2023-08-07,359440.37
2023-08-08,359473.73
2023-08-09,359916.29
2023-08-10,359080.8
2023-08-11,358469.54
2023-08-14,358061.98
2023-08-16,358053.55
2023-08-17,357660.75
2023-08-18,356609.85
2023-08-21,357499.63
2023-08-22,358243.3
2023-08-23,359177.45
2023-08-24,359410.29
2023-08-25,357880.45
2023-08-28,358595.16
2023-08-29,358960.33
2023-08-30,359470.95
2023-08-31,359163.23
2023-09-01,360600.98
2023-09-04,361950.75
2023-09-05,362913.21
2023-09-06,362877.13
2023-09-07,363508.31
2023-09-08,364268.17
2023-09-11,365503.53
2023-09-12,363477.37
2023-09-13,364293.1
2023-09-14,365218.42
2023-09-15,365796.2
2023-09-18,366030.19
2023-09-20,364984.77
2023-09-21,362957.99
2023-09-22,362901.14
2023-09-25,362843.69
2023-09-26,362716.59
2023-09-27,363367.13
2023-09-28,361686.91
2023-09-29,363777.0
2023-10-03,363304.73
2023-10-04,361114.74
2023-10-05,361793.69
2023-10-06,355439.15
2023-10-09,361113.09
2023-10-10,363256.85
2023-10-11,364330.94
2023-10-12,364949.43
2023-10-13,364116.36
2023-10-16,364305.71
2023-10-17,365130.28
2023-10-18,364190.4
2023-10-19,363588.87
2023-10-20,361912.64
2023-10-23,358635.99
2023-10-25,357666.16
2023-10-26,355884.34
2023-10-27,357837.11
2023-10-30,358121.97
2023-10-31,358028.59
2023-11-01,357608.79
2023-11-02,359779.19
2023-11-03,361146.27
2023-11-06,363211.38
2023-11-07,363723.42
2023-11-08,364822.21
2023-11-09,364808.56
2023-11-10,365038.93
2023-11-13,366348.85
2023-11-15,368563.2
2023-11-16,362202.43
2023-11-17,362191.95
2023-11-20,362287.88
2023-11-21,362740.45
2023-11-22,355357.47
2023-11-23,362993.66
2023-11-24,370453.04
2023-11-28,371003.7
2023-11-29,372414.3
2023-11-30,373504.28
2023-12-01,375178.76
2023-12-04,378159.02
2023-12-05,378467.6
2023-12-06,379345.36
2023-12-07,379483.8
2023-12-08,379428.66
2023-12-11,380140.97
2023-12-12,379640.63
2023-12-13,380911.42
2023-12-14,383337.18
2023-12-15,385166.56
2023-12-18,385367.11
2023-12-19,385695.36
2023-12-20,381707.34
2023-12-21,383239.63
2023-12-22,384411.02
2023-12-26,385400.01
2023-12-27,386612.22
2023-12-28,388956.76
2023-12-29,389035.18
2024-01-01,389214.83
2024-01-02,388475.45
2024-01-03,388093.42
2024-01-04,389351.97
2024-01-05,389546.01
2024-01-08,387499.3
2024-01-09,387989.94
2024-01-10,388083.73
2024-01-11,388842.77
2024-01-12,390351.19
2024-01-15,391524.49
2024-01-16,391756.81
2024-01-17,388683.45
2024-01-18,342116.03
2024-01-19,390572.9
2024-01-23,387584.6
2024-01-24,390567.95
2024-01-25,389965.24
2024-01-29,392807.65
2024-01-30,391898.67
2024-01-31,393928.18
2024-02-01,393853.3
2024-02-02,396363.75
2024-02-05,396408.15
2024-02-06,398076.56
2024-02-07,398998.56
2024-02-08,398834.88
2024-02-09,398467.9
2024-02-12,395306.55
2024-02-13,396580.5
2024-02-14,398054.64
2024-02-15,400170.98
2024-02-16,401727.0
2024-02-19,402682.06
2024-02-20,402358.48
2024-02-21,400491.02
2024-02-22,402279.34
2024-02-23,402926.47
2024-02-26,402241.75
2024-02-27,402442.72
2024-02-28,399677.48
2024-02-29,400164.47
2024-03-01,402703.28
2024-03-04,404323.25
2024-03-05,403993.6
2024-03-06,404190.69
2024-03-07,405115.61
2024-03-11,404420.16
2024-03-12,402350.53
2024-03-13,396685.68
2024-03-14,399236.05
2024-03-15,397813.57
2024-03-18,397853.09
2024-03-19,394920.89
2024-03-20,395292.84
2024-03-21,398713.33
2024-03-22,399980.25
2024-03-26,400288.43
2024-03-27,400633.67
2024-03-28,402815.33
2024-04-01,404999.33
2024-04-02,405976.66
2024-04-03,406756.14
2024-04-04,407268.34
2024-04-05,408142.13
2024-04-08,409042.65
2024-04-09,409714.04
2024-04-10,403562.64
2024-04-12,402030.47
2024-04-15,398754.28
2024-04-16,398013.58
2024-04-18,396538.79
2024-04-19,396414.29
2024-04-22,398569.21
2024-04-23,399122.4
2024-04-24,400736.0
2024-04-25,402612.09
2024-04-26,403477.86
2024-04-29,404583.19
2024-04-30,405318.06
2024-05-02,406613.93
2024-05-03,406056.37
2024-05-06,405549.78
2024-05-07,402920.04
2024-05-08,403844.01
2024-05-09,400363.97
2024-05-10,401910.64
2024-05-13,402672.08
2024-05-14,404141.43
2024-05-15,405066.0
2024-05-16,407021.31
2024-05-17,408403.91
2024-05-21,410220.25
2024-05-22,410990.92
2024-05-23,412460.41
2024-05-24,412713.35
2024-05-27,412955.97
2024-05-28,412014.93
2024-05-29,411065.87
2024-05-30,408529.84
2024-05-31,408962.35
2024-06-03,416354.12
2024-06-04,409167.35
2024-06-05,409196.2
2024-06-06,413047.49
2024-06-07,416905.62
2024-06-10,417997.73
2024-06-11,418756.92
2024-06-12,420044.55
2024-06-13,421329.24
2024-06-14,422631.81
2024-06-18,423965.56
2024-06-19,423058.59
2024-06-20,423401.5
2024-06-21,422583.94
2024-06-24,422826.05
2024-06-25,423119.65
2024-06-26,423147.31
2024-06-27,423534.35
2024-06-28,424717.32
2024-07-01,425813.18
2024-07-02,425674.89
2024-07-03,427345.99
2024-07-04,429144.27
2024-07-05,430781.42
2024-07-08,431367.16
2024-07-09,432879.04
2024-07-10,432192.27
2024-07-11,432876.95
2024-07-12,432952.74
2024-07-15,434983.32
2024-07-16,435039.98
2024-07-18,434075.17
2024-07-19,429424.37
2024-07-22,430884.2
2024-07-23,429676.83
2024-07-24,430487.97
2024-07-25,429974.37
2024-07-26,434219.78
2024-07-29,436238.97
2024-07-30,436526.16
2024-07-31,437769.41
2024-08-01,437389.28
2024-08-02,433494.38
2024-08-05,425784.79
2024-08-06,422416.86
2024-08-07,428137.97
2024-08-08,426620.96
2024-08-09,429782.92
2024-08-12,429449.5
2024-08-13,427002.48
2024-08-14,426482.28
2024-08-16,431317.3
2024-08-19,432639.35
2024-08-20,434505.78
2024-08-21,435328.44
2024-08-22,436513.33
2024-08-23,435922.09
2024-08-26,437480.7
2024-08-27,285842.36
2024-08-28,438229.94
2024-08-29,437920.79
2024-08-30,439922.92
2024-09-02,439720.75
2024-09-03,439724.02
2024-09-04,438528.74
2024-09-05,438734.76
2024-09-06,434874.4
2024-09-09,434304.85
2024-09-10,436271.76
2024-09-11,434812.53
2024-09-12,439225.57
2024-09-13,440304.24
2024-09-16,441172.07
2024-09-17,440861.17
2024-09-18,439441.93
2024-09-19,438779.89
2024-09-20,442506.18
2024-09-23,445723.9
2024-09-24,446760.59
2024-09-25,446934.87
2024-09-26,449127.94
2024-09-27,450837.41
2024-09-30,449344.65
2024-10-01,450142.62
2024-10-03,445159.86
2024-10-04,443339.4
2024-10-07,437916.9
2024-10-08,440789.32
2024-10-09,442870.73
2024-10-10,442988.23
2024-10-11,444047.13
2024-10-14,444890.94
2024-10-15,443868.7
2024-10-16,442824.65
2024-10-17,438032.63
2024-10-18,439826.97
2024-10-21,435984.87
2024-10-22,428459.56
2024-10-23,428841.59
2024-10-24,427732.26
2024-10-25,423317.27
2024-10-28,426305.81
2024-10-29,428771.75
2024-10-30,285092.33
2024-10-31,427978.41
2024-11-01,411127.29
2024-11-04,425448.98
2024-11-05,285599.62
2024-11-06,435313.28
2024-11-07,433036.05
2024-11-08,430425.3
2024-11-11,430762.37
2024-11-12,425494.57
2024-11-13,417948.73
2024-11-14,417863.07
2024-11-18,415954.43
2024-11-19,418023.29
2024-11-21,415814.12
2024-11-22,422163.19
2024-11-25,428330.08
2024-11-26,427569.24
2024-11-27,430491.27
2024-11-28,428841.7
2024-11-29,431440.79
2024-12-02,434866.67
2024-12-03,438484.22
2024-12-04,440176.34
2024-12-05,441514.53
2024-12-06,443506.53
2024-12-09,444015.5
2024-12-10,444603.67
2024-12-11,436574.97
2024-12-12,444081.29
2024-12-13,445136.97
2024-12-16,445631.89
2024-12-17,442133.82
2024-12-18,439146.8
2024-12-19,436335.26
2024-12-20,428314.67
2024-12-23,430171.72
2024-12-24,431216.25
2024-12-26,432253.23
2024-12-27,432570.32
2024-12-30,428922.36
2024-12-31,430074.04
2025-01-01,430788.63
2025-01-02,435026.06
2025-01-03,435019.3
2025-01-06,425353.21
2025-01-07,427208.73
2025-01-08,425276.96
2025-01-09,422088.52
2025-01-10,416544.02
2025-01-13,405311.6
2025-01-14,410234.63
2025-01-15,412041.98
2025-01-16,415055.51
2025-01-17,416660.59
2025-01-20,420249.76
2025-01-21,414364.2
2025-01-22,413070.66
2025-01-23,415524.8
2025-01-24,412849.84
2025-01-27,405073.1
2025-01-28,402678.52
2025-01-29,408781.06
2025-01-30,410316.48
2025-01-31,415216.86
2025-02-01,423442.3
2025-02-03,418868.65
2025-02-04,425091.06
2025-02-05,427454.16
2025-02-06,426049.98
2025-02-07,426321.97
2025-02-10,422070.67
2025-02-11,414542.14
2025-02-12,414342.99
2025-02-13,413891.35
2025-02-14,409591.26
2025-02-17,409716.76
2025-02-18,409730.99
2025-02-19,413588.12
2025-02-20,405449.51
2025-02-21,403354.85
2025-02-24,399772.27
2025-02-25,397367.67
2025-02-27,395439.03
2025-02-28,386685.16
2025-03-03,387998.69
2025-03-04,387750.42
2025-03-05,394047.86
2025-03-06,397267.33
2025-03-07,396895.32
2025-03-10,391992.22
2025-03-11,392099.45
2025-03-12,390528.5
2025-03-13,388457.22
2025-03-17,391165.76
2025-03-18,393469.51
2025-03-19,403656.85
2025-03-20,407783.08
2025-03-21,411523.17
2025-03-24,417050.16
2025-03-25,413078.98
2025-03-26,410767.54
2025-03-27,412306.61
2025-03-28,410209.4
2025-04-01,406011.86
2025-04-02,409021.85
2025-04-03,408283.49
2025-04-04,397911.55
2025-04-07,385668.63
2025-04-08,390890.2
2025-04-09,388314.39
2025-04-11,396111.76
2025-04-15,406036.24
2025-04-16,407778.73
2025-04-17,411271.78
2025-04-21,417174.13
2025-04-22,418745.0
2025-04-23,422224.08
2025-04-24,421847.39
2025-04-25,416248.64
2025-04-28,421263.86
2025-04-29,421664.19
2025-04-30,419867.51
2025-05-02,419249.32
2025-05-05,423558.39
2025-05-06,418120.22
2025-05-07,420098.3
2025-05-08,415104.2
2025-05-09,413365.8
2025-05-12,428775.17
2025-05-13,427371.25
2025-05-14,431225.09
2025-05-15,435436.84
2025-05-16,438472.72
2025-05-19,438202.46
2025-05-20,434024.43
2025-05-21,436487.13
2025-05-22,433965.59
2025-05-23,436669.01
2025-05-26,438452.61
2025-05-27,437240.63
2025-05-28,436633.85
2025-05-29,438292.15
2025-05-30,437234.83
2025-06-02,437742.29
2025-06-03,436433.38
2025-06-04,438033.56
2025-06-05,440069.68
2025-06-06,443348.74
2025-06-09,446681.67
2025-06-10,447470.34
2025-06-11,447458.99
2025-06-12,442277.14
2025-06-13,439888.04
2025-06-16,443281.38
2025-06-17,441258.56
2025-06-18,440195.09
2025-06-19,436539.21
2025-06-20,441084.7
2025-06-23,441379.63
2025-06-24,443088.85
2025-06-25,445493.09
2025-06-26,448522.39
2025-06-27,450561.13
2025-06-30,451409.93
2025-07-01,451434.03
2025-07-02,450546.43
2025-07-03,450656.52
2025-07-04,451579.92
2025-07-07,451465.23
2025-07-08,451587.3
2025-07-09,451416.46
2025-07-10,449454.75
2025-07-11,446477.62
2025-07-14,446677.1
2025-07-15,449938.64
2025-07-16,450555.95
2025-07-17,449910.58
2025-07-18,448604.41
2025-07-21,450537.85
2025-07-22,449869.29
2025-07-23,451225.53
2025-07-24,449502.93
2025-07-25,444116.77
2025-07-28,441895.45
2025-07-29,444462.33
2025-07-30,444301.43
2025-07-31,442654.66
2025-08-01,437483.74
2025-08-04,441239.56
2025-08-05,440675.81
2025-08-06,438605.44
2025-08-07,439127.82
2025-08-08,434999.68
2025-08-11,438304.26
2025-08-12,437956.29
2025-08-13,441013.85
2025-08-14,440904.3
2025-08-18,445508.21
2025-08-19,447243.11
2025-08-20,448012.29
2025-08-21,447913.09
2025-08-22,445984.71
2025-08-25,447268.17
2025-08-26,441937.09
2025-08-28,437976.71
2025-08-29,437450.61
2025-09-01,442909.37
2025-09-02,443563.11
2025-09-03,446032.78
2025-09-04,444783.59
2025-09-05,445329.28
2025-09-08,446392.33
2025-09-09,447094.43
2025-09-10,449872.77
2025-09-11,450902.74
2025-09-12,452918.18
2025-09-15,453792.57
2025-09-16,456521.63
2025-09-17,458238.11
2025-09-18,450487.47
2025-09-19,450876.15
2025-09-22,457912.27
2025-09-23,457421.29
2025-09-24,454615.8
2025-09-25,451886.21
2025-09-26,446628.66
2025-09-29,448754.14
2025-09-30,448558.91
2025-10-01,451879.47
2025-10-03,454822.86
2025-10-06,459001.72
2025-10-07,459722.64
2025-10-08,457145.56
2025-10-09,460019.61
2025-10-10,462240.5
2025-10-13,461514.71
2025-10-14,458511.58
2025-10-15,462772.52
2025-10-16,465602.22
2025-10-17,465990.74
2025-10-20,468472.15
2025-10-21,449632.22
2025-10-23,469297.3
2025-10-24,145503.45
2025-10-27,471067.68
2025-10-28,470546.84
2025-10-29,473392.25
2025-10-30,472206.64
2025-10-31,470678.26
2025-11-03,472663.87
2025-11-04,469128.62
2025-11-06,465921.49
2025-11-07,466390.4
2025-11-10,468901.99
2025-11-11,470309.47
2025-11-12,473223.72
2025-11-13,472318.72
2025-11-14,472683.75
2025-11-17,475083.49
2025-11-18,472195.42
2025-11-19,472979.05
2025-11-20,474021.15
2025-11-21,470212.86
2025-11-24,467593.32
2025-11-25,467641.64
2025-11-26,473366.6
2025-11-27,473252.02
2025-11-28,473370.72
2025-12-01,473720.48
2025-12-02,472517.94
2025-12-03,469772.67
2025-12-04,470388.77
2025-12-05,471299.98
2025-12-08,464930.74
2025-12-09,465064.8
2025-12-10,463057.24
2025-12-11,465244.56
2025-12-12,469040.13
2025-12-15,468763.59
2025-12-16,465656.18
2025-12-17,463982.97
2025-12-18,463693.47
2025-12-19,379933.34
2025-12-22,480648.08
2025-12-23,481298.63
2025-12-24,480602.68
2025-12-26,479947.6
2025-12-29,477729.85
2025-12-30,477414.49
2025-12-31,480970.7
2026-01-01,481735.93
2026-01-02,485307.43
2026-01-05,485264.17
2026-01-06,485414.84
2026-01-07,485927.44
2026-01-08,479430.69
2026-01-09,475887.45
2026-01-12,467106.42
2026-01-13,466839.17
2026-01-14,467942.67
2026-01-15,281656.25
2026-01-16,467836.54
2026-01-19,466042.49
2026-01-20,457937.33
2026-01-21,455240.31
2026-01-22,458851.12
2026-01-23,453807.46
2026-01-27,454946.59
2026-01-28,461633.06
2026-01-29,461906.12
2026-01-30,460988.14
2026-02-02,455219.02
2026-02-03,465801.66
2026-02-04,467693.23
2026-02-05,464791.68
2026-02-06,465083.34
2026-02-09,469625.57
2026-02-10,471521.59
2026-02-11,472862.96
2026-02-12,470657.44
2026-02-13,464644.93
2026-02-16,466393.19
2026-02-17,467378.26
2026-02-18,469285.46
2026-02-19,463787.99
2026-02-20,465756.96
2026-02-23,466841.08
2026-02-24,473932.12
2026-02-25,475893.08
2026-02-26,476902.28
2026-02-27,472532.47
2026-03-02,466274.68
2026-03-04,457381.28
2026-03-05,463404.4
2026-03-06,375128.47
2026-03-09,452805.94
2026-03-10,458465.54
2026-03-11,453427.79
2026-03-12,450850.03
2026-03-13,441283.52
2026-03-16,441107.82
2026-03-17,444670.61
2026-03-18,450724.17
2026-03-19,439180.63
2026-03-20,440424.96
2026-03-23,426325.72
2026-03-24,434406.7
2026-03-25,443169.11
2026-03-27,434721.94
2026-03-30,425960.46
2026-04-01,435752.49
2026-04-02,434692.27
2026-04-06,439867.34
2026-04-07,441605.41
2026-04-08,457141.27
2026-04-09,456727.24
2026-04-10,462732.05
2026-04-13,459268.9
2026-04-15,468463.82
2026-04-16,470636.17
2026-04-17,475959.95
2026-04-20,476060.58
2026-04-21,478851.87
2026-04-22,478626.13
2026-04-23,475376.31
2026-04-24,471948.52
2026-04-27,475943.17
2026-04-28,474962.71
2026-04-29,477004.82
2026-04-30,473554.96
2026-05-01,320033.85
2026-05-04,476011.08
2026-05-05,475972.61
2026-05-06,483326.7
2026-05-07,486109.48
2026-05-08,484383.61
2026-05-11,478753.31
2026-05-12,469153.32
2026-05-13,470831.3
2026-05-14,475590.73
2026-05-15,473617.49
2026-05-18,471013.54
2026-05-19,472795.12
2026-05-20,474299.24
2026-05-21,474506.87
2026-05-22,475573.1
2026-05-25,481083.91
2026-05-26,480390.78
2026-05-27,482104.52
2026-05-28,355104.33
2026-05-29,476176.92
2026-06-01,470867.46
2026-06-02,472193.65
2026-06-03,470820.68
2026-06-04,472080.02
2026-06-05,471651.68
2026-06-08,465655.0
2026-06-09,470115.05
2026-06-10,465951.86
2026-06-11,462966.3
2026-06-12,472962.03
2026-06-15,479076.59
2026-06-16,480423.62
2026-06-17,483157.31
2026-06-18,484850.33
2026-06-19,484013.98
2026-06-22,485904.55
2026-06-23,481119.24
2026-06-24,482411.2
2026-06-25,481428.7
2026-06-26,352859.46
2026-06-29,480005.75
2026-06-30,479139.59
2026-07-01,481754.65
2026-07-02,484534.68
2026-07-03,484660.34
2026-07-06,486774.39
2026-07-07,485367.28
2026-07-08,477098.68
2026-07-09,480685.54
2026-07-10,486212.2
2026-07-13,486457.5
2026-07-14,483346.44
2026-07-15,484611.7
2026-07-16,483885.76
2026-07-17,485635.53
2026-07-20,467629.17
2026-07-21,467844.79
2026-07-22,464871.12
2026-07-23,481079.05
2026-07-24,480103.1
2026-07-27,484212.39
2026-07-28,482486.36
2026-07-29,485643.56
2026-07-30,485374.12
2026-07-31,488062.23
2026-08-03,492057.99
2026-08-04,491337.66
2026-08-05,493587.99
2026-08-06,495148.03
2026-08-07,495081.66
2026-08-10,496010.17
