Name,Ticker,Price,RSI Monthly,RSI Weekly,RSI Daily,Above EMA50,Above SMA200,ADX,GFS Signal
360 ONE WAM Ltd.,360ONE.NS,1040.6,43.2,38.4,36.2,False,False,30.0,⏳ NOT READY
Mazagoan Dock Shipbu,MAZDOCK.NS,2324.1,50.2,45.6,55.1,False,False,21.6,⏳ NOT READY
Max Healthcare Insti,MAXHEALTH.NS,964.8,48.2,36.3,14.9,False,False,62.0,⏳ NOT READY
Mankind Pharma Ltd.,MANKIND.NS,2000.0,31.7,37.6,26.0,False,False,31.2,⏳ NOT READY
Maharashtra Seamless,MAHSEAMLES.NS,564.8,39.4,51.6,51.4,True,False,23.5,⏳ NOT READY
Mahanagar Gas Ltd.,MGL.NS,967.1,49.1,39.2,4.9,False,False,44.3,⏳ NOT READY
MRF Ltd.,MRF.NS,127535.0,54.2,30.4,30.8,False,False,43.8,⏳ NOT READY
MMTC Ltd.,MMTC.NS,60.0,45.2,55.1,46.7,False,False,43.2,⏳ NOT READY
Lupin Ltd.,LUPIN.NS,2322.5,48.4,76.2,52.9,True,True,21.0,⏳ NOT READY
Lodha Developers Ltd,LODHA.NS,796.9,32.6,28.5,11.5,False,False,65.0,⏳ NOT READY
Metropolis Healthcar,METROPOLIS.NS,441.1,44.4,39.6,31.0,False,False,23.0,⏳ NOT READY
Lloyds Metals And En,LLOYDSME.NS,1245.8,50.1,47.7,51.3,True,False,15.7,⏳ NOT READY
Life Insurance Corpo,LICI.NS,776.8,47.6,36.7,27.6,False,False,47.1,⏳ NOT READY
Lemon Tree Hotels Lt,LEMONTREE.NS,105.7,34.9,15.4,33.0,False,False,44.0,⏳ NOT READY
Latent View Analytic,LATENTVIEW.NS,267.4,32.7,11.8,12.4,False,False,68.5,⏳ NOT READY
LT Foods Ltd.,LTFOODS.NS,378.5,48.6,49.4,43.9,False,False,28.2,⏳ NOT READY
LIC Housing Finance ,LICHSGFIN.NS,486.1,42.9,37.4,25.8,False,False,28.9,⏳ NOT READY
L&T Technology Servi,LTTS.NS,3229.1,34.1,20.3,37.2,False,False,38.2,⏳ NOT READY
Kirloskar Brothers L,KIRLOSBROS.NS,1561.4,38.3,43.5,47.9,False,False,21.6,⏳ NOT READY
Kfin Technologies Lt,KFINTECH.NS,914.5,35.4,31.8,41.7,False,False,22.4,⏳ NOT READY
Kec International Lt,KEC.NS,546.1,29.4,27.9,39.1,False,False,25.2,⏳ NOT READY
Linde India Ltd.,LINDEINDIA.NS,7014.5,58.3,73.5,57.2,True,True,34.5,⏳ NOT READY
Minda Corporation Lt,MINDACORP.NS,502.5,57.4,36.5,29.8,False,False,45.2,⏳ NOT READY
Motherson Sumi Wirin,MSUMI.NS,37.0,56.4,30.6,11.0,False,False,57.1,⏳ NOT READY
Motilal Oswal Financ,MOTILALOFS.NS,662.6,40.2,24.2,34.8,False,False,42.6,⏳ NOT READY
PG Electroplast Ltd.,PGEL.NS,512.8,33.6,43.0,30.8,False,False,43.2,⏳ NOT READY
PCBL Chemical Ltd.,PCBL.NS,248.1,36.3,28.9,18.0,False,False,38.5,⏳ NOT READY
PB Fintech Ltd.,POLICYBZR.NS,1497.1,30.3,21.5,52.7,False,False,16.8,⏳ NOT READY
Oracle Financial Ser,OFSS.NS,6580.0,19.8,25.1,38.9,False,False,22.7,⏳ NOT READY
One 97 Communication,PAYTM.NS,1054.3,53.1,34.0,42.4,False,False,31.4,⏳ NOT READY
Olectra Greentech Lt,OLECTRA.NS,1097.4,35.8,43.4,58.7,True,False,37.7,⏳ NOT READY
Oil India Ltd.,OIL.NS,475.5,59.1,64.8,45.8,True,True,21.7,⏳ NOT READY
Oberoi Realty Ltd.,OBEROIRLTY.NS,1445.8,31.8,30.4,36.8,False,False,29.9,⏳ NOT READY
Nuvoco Vistas Corpor,NUVOCO.NS,286.2,46.6,23.8,30.1,False,False,22.7,⏳ NOT READY
Nuvama Wealth Manage,NUVAMA.NS,1147.5,49.6,22.4,32.8,False,False,37.8,⏳ NOT READY
Newgen Software Tech,NEWGEN.NS,440.6,21.2,15.0,24.0,False,False,20.8,⏳ NOT READY
Neuland Laboratories,NEULANDLAB.NS,11995.0,47.3,13.0,35.6,False,False,31.6,⏳ NOT READY
Netweb Technologies ,NETWEB.NS,3284.4,59.4,51.7,24.9,False,True,16.3,⏳ NOT READY
Nava Ltd.,NAVA.NS,553.5,57.2,47.7,39.5,False,False,19.1,⏳ NOT READY
NMDC Steel Ltd.,NSLNISP.NS,36.7,46.7,40.3,29.9,False,False,30.5,⏳ NOT READY
NLC India Ltd.,NLCINDIA.NS,266.4,53.3,61.5,53.8,True,True,25.4,⏳ NOT READY
NHPC Ltd.,NHPC.NS,76.8,48.1,51.9,56.0,True,False,28.4,⏳ NOT READY
NCC Ltd.,NCC.NS,140.6,27.0,37.0,35.0,False,False,20.9,⏳ NOT READY
NBCC (India) Ltd.,NBCC.NS,83.9,50.3,29.0,35.4,False,False,36.3,⏳ NOT READY
NATCO Pharma Ltd.,NATCOPHARM.NS,959.2,34.8,57.3,45.2,True,True,25.4,⏳ NOT READY
MphasiS Ltd.,MPHASIS.NS,2091.1,38.1,8.6,26.9,False,False,41.5,⏳ NOT READY
Kaynes Technology In,KAYNES.NS,3620.6,32.6,34.4,41.1,False,False,15.4,⏳ NOT READY
Kalyan Jewellers Ind,KALYANKJIL.NS,382.7,28.8,33.3,34.2,False,False,19.3,⏳ NOT READY
Kalpataru Projects I,KPIL.NS,1071.0,48.0,41.9,25.1,False,False,11.3,⏳ NOT READY
Kajaria Ceramics Ltd,KAJARIACER.NS,951.3,42.1,37.8,48.9,False,False,18.0,⏳ NOT READY
Indian Renewable Ene,IREDA.NS,116.4,19.7,34.8,40.0,False,False,20.6,⏳ NOT READY
Indian Railway Finan,IRFC.NS,94.7,33.7,37.5,32.6,False,False,34.8,⏳ NOT READY
Indian Railway Cater,IRCTC.NS,522.8,31.3,23.9,29.3,False,False,40.5,⏳ NOT READY
Indian Overseas Bank,IOB.NS,33.7,21.3,41.9,37.3,False,False,51.1,⏳ NOT READY
Indian Hotels Co. Lt,INDHOTEL.NS,615.5,26.1,28.2,32.4,False,False,40.2,⏳ NOT READY
Indian Energy Exchan,IEX.NS,120.5,33.2,24.2,41.4,False,False,18.6,⏳ NOT READY
Indiamart Intermesh ,INDIAMART.NS,1994.4,47.8,30.6,34.1,False,False,20.5,⏳ NOT READY
India Cements Ltd.,INDIACEM.NS,359.9,53.7,39.0,26.8,False,False,36.3,⏳ NOT READY
ITI Ltd.,ITI.NS,270.6,35.4,37.3,50.1,False,False,29.3,⏳ NOT READY
ITC Ltd.,ITC.NS,300.0,21.5,18.7,32.9,False,False,38.4,⏳ NOT READY
IRCON International ,IRCON.NS,123.7,37.4,35.7,34.2,False,False,25.4,⏳ NOT READY
IRB Infrastructure D,IRB.NS,41.5,30.5,51.0,48.6,False,False,14.9,⏳ NOT READY
INOX India Ltd.,INOXINDIA.NS,1180.7,53.5,55.3,53.4,True,True,22.8,⏳ NOT READY
IIFL Finance Ltd.,IIFL.NS,473.0,56.8,32.4,41.6,False,False,26.6,⏳ NOT READY
IFCI Ltd.,IFCI.NS,54.0,48.7,55.3,34.9,False,False,17.8,⏳ NOT READY
IDFC First Bank Ltd.,IDFCFIRSTB.NS,63.0,58.3,22.9,21.2,False,False,56.7,⏳ NOT READY
ICICI Prudential Lif,ICICIPRULI.NS,552.1,50.1,28.6,8.5,False,False,55.4,⏳ NOT READY
ICICI Lombard Genera,ICICIGI.NS,1777.2,55.2,34.6,21.7,False,False,44.9,⏳ NOT READY
ICICI Bank Ltd.,ICICIBANK.NS,1245.4,58.9,34.3,25.2,False,False,43.2,⏳ NOT READY
Housing & Urban Deve,HUDCO.NS,172.5,42.5,28.1,34.3,False,False,24.0,⏳ NOT READY
Honeywell Automation,HONAUT.NS,28330.0,27.7,26.9,22.5,False,False,36.6,⏳ NOT READY
Indraprastha Gas Ltd,IGL.NS,156.6,37.2,29.1,34.2,False,False,25.2,⏳ NOT READY
PI Industries Ltd.,PIIND.NS,2909.5,41.3,26.1,28.0,False,False,25.9,⏳ NOT READY
IndusInd Bank Ltd.,INDUSINDBK.NS,818.6,49.8,46.7,23.5,False,False,44.2,⏳ NOT READY
Zydus Lifesciences L,ZYDUSLIFE.NS,890.5,44.6,38.2,39.6,False,False,26.5,⏳ NOT READY
KSB Ltd.,KSB.NS,782.3,50.5,58.8,53.4,True,False,29.8,⏳ NOT READY
KPIT Technologies Lt,KPITTECH.NS,661.0,24.1,3.3,26.6,False,False,55.5,⏳ NOT READY
KEI Industries Ltd.,KEI.NS,4188.0,56.9,51.8,22.6,False,True,39.4,⏳ NOT READY
K.P.R. Mill Ltd.,KPRMILL.NS,823.1,45.6,33.6,37.7,False,False,26.4,⏳ NOT READY
Jyothy Labs Ltd.,JYOTHYLAB.NS,208.6,25.0,12.6,13.4,False,False,58.4,⏳ NOT READY
Jupiter Wagons Ltd.,JWL.NS,262.6,31.2,50.3,48.1,False,False,24.1,⏳ NOT READY
Jubilant Pharmova Lt,JUBLPHARMA.NS,831.3,38.5,16.3,38.8,False,False,27.5,⏳ NOT READY
Jubilant Ingrevia Lt,JUBLINGREA.NS,583.3,34.0,32.4,49.4,False,False,23.8,⏳ NOT READY
Jubilant Foodworks L,JUBLFOOD.NS,451.5,31.1,23.3,20.0,False,False,37.3,⏳ NOT READY
Jio Financial Servic,JIOFIN.NS,239.3,43.2,21.9,38.0,False,False,33.9,⏳ NOT READY
Jindal Stainless Ltd,JSL.NS,722.0,57.9,44.0,39.3,False,False,27.4,⏳ NOT READY
Jindal Saw Ltd.,JINDALSAW.NS,194.1,30.7,63.2,54.8,True,False,37.2,⏳ NOT READY
Jaiprakash Power Ven,JPPOWER.NS,16.4,44.0,40.3,57.9,True,False,34.5,⏳ NOT READY
JSW Infrastructure L,JSWINFRA.NS,251.1,39.7,36.2,47.3,False,False,13.0,⏳ NOT READY
JSW Energy Ltd.,JSWENERGY.NS,507.0,35.6,57.6,58.7,True,False,26.2,⏳ NOT READY
JM Financial Ltd.,JMFINANCIL.NS,123.2,50.4,34.7,44.9,False,False,17.2,⏳ NOT READY
JBM Auto Ltd.,JBMA.NS,567.2,37.8,49.6,52.9,True,False,39.6,⏳ NOT READY
Ipca Laboratories Lt,IPCALAB.NS,1544.9,43.5,55.3,53.8,True,True,31.5,⏳ NOT READY
InterGlobe Aviation ,INDIGO.NS,4149.1,53.4,32.5,28.9,False,False,33.0,⏳ NOT READY
Intellect Design Are,INTELLECT.NS,650.5,42.0,14.0,36.6,False,False,28.0,⏳ NOT READY
Inox Wind Ltd.,INOXWIND.NS,81.8,29.1,16.5,33.7,False,False,32.4,⏳ NOT READY
Info Edge (India) Lt,NAUKRI.NS,978.2,17.3,13.3,36.5,False,False,42.6,⏳ NOT READY
PNB Housing Finance ,PNBHOUSING.NS,791.9,48.0,33.5,42.6,False,False,21.8,⏳ NOT READY
PVR INOX Ltd.,PVRINOX.NS,986.0,37.2,42.9,41.7,False,False,15.3,⏳ NOT READY
Page Industries Ltd.,PAGEIND.NS,32005.0,28.3,34.2,49.2,False,False,26.1,⏳ NOT READY
Trident Ltd.,TRIDENT.NS,24.2,35.7,34.7,42.3,False,False,38.8,⏳ NOT READY
Trent Ltd.,TRENT.NS,3559.6,27.5,39.0,31.6,False,False,54.4,⏳ NOT READY
Transformers And Rec,TARIL.NS,285.1,34.5,50.8,40.4,False,False,18.3,⏳ NOT READY
Torrent Power Ltd.,TORNTPOWER.NS,1450.7,54.3,61.5,34.8,True,True,26.2,⏳ NOT READY
Titagarh Rail System,TITAGARH.NS,626.3,33.8,33.6,33.1,False,False,42.1,⏳ NOT READY
Timken India Ltd.,TIMKEN.NS,3163.3,55.0,53.2,35.7,False,True,23.6,⏳ NOT READY
Thermax Ltd.,THERMAX.NS,3227.4,38.1,74.4,58.0,True,True,24.3,⏳ NOT READY
The Ramco Cements Lt,RAMCOCEM.NS,925.2,60.0,36.3,12.9,False,False,67.3,⏳ NOT READY
The New India Assura,NIACL.NS,132.5,34.5,18.0,30.0,False,False,44.6,⏳ NOT READY
Tejas Networks Ltd.,TEJASNET.NS,436.0,15.2,44.9,50.0,True,False,21.3,⏳ NOT READY
Techno Electric & En,TECHNOE.NS,1089.6,40.9,48.9,34.6,False,False,17.3,⏳ NOT READY
Tech Mahindra Ltd.,TECHM.NS,1384.8,40.4,36.0,56.2,False,False,40.1,⏳ NOT READY
Tata Teleservices (M,TTML.NS,36.2,24.8,20.0,30.7,False,False,19.4,⏳ NOT READY
Tata Technologies Lt,TATATECH.NS,539.7,26.1,11.6,33.7,False,False,35.9,⏳ NOT READY
Tata Power Co. Ltd.,TATAPOWER.NS,402.4,47.3,57.9,64.8,True,True,26.3,⏳ NOT READY
Tata Investment Corp,TATAINVEST.NS,602.6,48.9,31.7,32.4,False,False,13.4,⏳ NOT READY
Tata Elxsi Ltd.,TATAELXSI.NS,4237.7,29.6,33.0,37.1,False,False,38.1,⏳ NOT READY
Tata Consultancy Ser,TCS.NS,2390.6,24.8,11.6,20.2,False,False,53.8,⏳ NOT READY
Tata Communications ,TATACOMM.NS,1416.8,47.5,26.4,29.6,False,False,43.4,⏳ NOT READY
Tata Chemicals Ltd.,TATACHEM.NS,633.3,30.0,25.7,4.9,False,False,50.7,⏳ NOT READY
Syngene Internationa,SYNGENE.NS,414.8,23.4,13.1,46.3,False,False,26.7,⏳ NOT READY
Triveni Engineering ,TRIVENI.NS,359.8,43.4,50.7,30.9,False,False,29.2,⏳ NOT READY
Swan Corp Ltd.,SWANCORP.NS,318.6,22.0,12.7,25.9,False,False,39.1,⏳ NOT READY
Triveni Turbine Ltd.,TRITURBINE.NS,456.1,30.4,30.2,34.0,False,False,18.5,⏳ NOT READY
UCO Bank,UCOBANK.NS,24.9,26.7,34.6,20.4,False,False,49.5,⏳ NOT READY
Zensar Technolgies L,ZENSARTECH.NS,564.9,38.6,15.4,50.1,False,False,37.8,⏳ NOT READY
Zen Technologies Ltd,ZENTEC.NS,1413.9,34.9,51.9,58.3,True,False,17.2,⏳ NOT READY
Zee Entertainment En,ZEEL.NS,72.8,39.1,29.6,17.8,False,False,52.6,⏳ NOT READY
Yes Bank Ltd.,YESBANK.NS,18.6,53.5,30.5,25.0,False,False,51.6,⏳ NOT READY
Wockhardt Ltd.,WOCKPHARMA.NS,1176.2,48.6,33.2,25.9,False,False,32.6,⏳ NOT READY
Wipro Ltd.,WIPRO.NS,190.9,30.3,19.5,35.8,False,False,43.0,⏳ NOT READY
Whirlpool of India L,WHIRLPOOL.NS,836.3,32.5,38.7,31.7,False,False,35.6,⏳ NOT READY
Welspun Living Ltd.,WELSPUNLIV.NS,114.6,42.7,33.4,33.9,False,False,36.9,⏳ NOT READY
Welspun Corp Ltd.,WELCORP.NS,803.8,50.8,51.6,46.1,False,False,13.6,⏳ NOT READY
Voltas Ltd.,VOLTAS.NS,1324.5,42.3,46.4,22.6,False,False,39.2,⏳ NOT READY
Vijaya Diagnostic Ce,VIJAYA.NS,904.6,46.4,37.4,24.1,False,False,44.7,⏳ NOT READY
Vedant Fashions Ltd.,MANYAVAR.NS,355.1,3.7,6.0,36.9,False,False,38.3,⏳ NOT READY
Varun Beverages Ltd.,VBL.NS,401.5,34.9,28.2,28.3,False,False,36.8,⏳ NOT READY
Vardhman Textiles Lt,VTL.NS,532.9,54.5,70.0,45.3,True,True,26.5,⏳ NOT READY
Valor Estate Ltd.,DBREALTY.NS,98.1,40.0,34.7,29.3,False,False,25.0,⏳ NOT READY
V-Guard Industries L,VGUARD.NS,324.9,33.9,47.9,59.1,True,False,27.0,⏳ NOT READY
Usha Martin Ltd.,USHAMART.NS,400.9,54.9,34.6,42.4,False,False,21.0,⏳ NOT READY
United Breweries Ltd,UBL.NS,1568.9,34.3,45.1,45.2,False,False,26.5,⏳ NOT READY
UltraTech Cement Ltd,ULTRACEMCO.NS,10934.0,59.5,41.0,29.0,False,False,65.0,⏳ NOT READY
UTI Asset Management,UTIAMC.NS,939.0,37.8,25.3,38.9,False,False,28.5,⏳ NOT READY
UNO Minda Ltd.,UNOMINDA.NS,1067.0,56.3,37.2,33.5,False,False,37.3,⏳ NOT READY
Tube Investments of ,TIINDIA.NS,2537.3,38.2,45.8,35.9,False,False,30.6,⏳ NOT READY
Honasa Consumer Ltd.,HONASA.NS,289.2,58.9,59.7,43.1,True,True,28.2,⏳ NOT READY
Suzlon Energy Ltd.,SUZLON.NS,42.0,36.4,26.0,46.7,False,False,25.8,⏳ NOT READY
Sundram Fasteners Lt,SUNDRMFAST.NS,813.0,33.6,24.3,30.4,False,False,43.0,⏳ NOT READY
Railtel Corporation ,RAILTEL.NS,271.5,42.1,37.6,31.7,False,False,28.6,⏳ NOT READY
Rail Vikas Nigam Ltd,RVNL.NS,264.5,39.7,40.4,25.6,False,False,33.9,⏳ NOT READY
Radico Khaitan Ltd,RADICO.NS,2660.5,51.0,29.2,50.6,False,False,28.6,⏳ NOT READY
RITES Ltd.,RITES.NS,191.6,35.7,34.2,31.3,False,False,38.1,⏳ NOT READY
RHI MAGNESITA INDIA ,RHIM.NS,370.4,43.2,33.6,17.7,False,False,54.1,⏳ NOT READY
REC Ltd.,RECLTD.NS,330.5,31.7,47.9,43.1,False,False,14.6,⏳ NOT READY
R R Kabel Ltd.,RRKABEL.NS,1391.4,53.1,48.1,31.4,False,True,18.7,⏳ NOT READY
Procter & Gamble Hyg,PGHH.NS,9707.0,30.5,13.2,12.0,False,False,79.4,⏳ NOT READY
Prestige Estates Pro,PRESTIGE.NS,1248.2,41.8,23.0,29.3,False,False,46.7,⏳ NOT READY
Praj Industries Ltd.,PRAJIND.NS,315.1,19.3,53.3,48.4,True,False,26.2,⏳ NOT READY
Power Grid Corporati,POWERGRID.NS,297.6,50.7,72.4,48.6,True,True,15.7,⏳ NOT READY
Power Finance Corpor,PFC.NS,412.9,48.3,67.7,49.7,True,True,15.3,⏳ NOT READY
Polycab India Ltd.,POLYCAB.NS,7171.0,58.5,48.9,21.7,False,False,43.3,⏳ NOT READY
Poly Medicure Ltd.,POLYMED.NS,1240.9,26.0,13.5,48.4,False,False,24.0,⏳ NOT READY
Piramal Pharma Ltd.,PPLPHARMA.NS,138.4,24.4,27.3,28.8,False,False,39.2,⏳ NOT READY
Pidilite Industries ,PIDILITIND.NS,1341.3,53.2,31.2,31.2,False,False,36.1,⏳ NOT READY
Phoenix Mills Ltd.,PHOENIXLTD.NS,1543.1,51.3,31.7,34.6,False,False,37.8,⏳ NOT READY
Pfizer Ltd.,PFIZER.NS,4773.5,49.2,44.1,35.3,False,False,28.7,⏳ NOT READY
Petronet LNG Ltd.,PETRONET.NS,257.6,47.3,46.4,27.4,False,False,31.4,⏳ NOT READY
Persistent Systems L,PERSISTENT.NS,4716.7,37.9,12.7,49.2,False,False,36.1,⏳ NOT READY
Patanjali Foods Ltd.,PATANJALI.NS,474.6,40.2,34.6,26.8,False,False,45.0,⏳ NOT READY
Rainbow Childrens Me,RAINBOW.NS,1114.3,36.4,22.1,31.9,False,False,29.4,⏳ NOT READY
Supreme Industries L,SUPREMEIND.NS,3834.4,42.2,76.1,42.6,True,False,15.5,⏳ NOT READY
Ramkrishna Forgings ,RKFORGE.NS,499.6,30.0,47.3,29.3,False,False,32.1,⏳ NOT READY
Reliance Industries ,RELIANCE.NS,1414.4,59.7,34.0,54.0,False,False,27.1,⏳ NOT READY
Sun TV Network Ltd.,SUNTV.NS,593.0,48.4,54.7,35.8,True,True,24.1,⏳ NOT READY
Sun Pharmaceutical I,SUNPHARMA.NS,1777.1,45.8,49.5,58.7,True,True,30.4,⏳ NOT READY
Sumitomo Chemical In,SUMICHEM.NS,387.0,39.5,24.1,39.2,False,False,43.2,⏳ NOT READY
Star Health and Alli,STARHEALTH.NS,452.0,48.9,46.6,37.7,False,False,18.1,⏳ NOT READY
Sonata Software Ltd.,SONATSOFTW.NS,236.8,19.4,20.4,26.7,False,False,47.3,⏳ NOT READY
Sona BLW Precision F,SONACOMS.NS,506.2,44.9,53.8,40.8,True,True,17.7,⏳ NOT READY
Sobha Ltd.,SOBHA.NS,1267.2,43.4,36.7,34.0,False,False,57.4,⏳ NOT READY
Signatureglobal (Ind,SIGNATURE.NS,763.7,32.7,27.2,9.0,False,False,50.4,⏳ NOT READY
Siemens Ltd.,SIEMENS.NS,3129.6,43.7,49.4,34.7,False,False,18.0,⏳ NOT READY
Shree Cement Ltd.,SHREECEM.NS,23535.0,52.0,36.3,27.7,False,False,56.2,⏳ NOT READY
Schneider Electric I,SCHNEIDER.NS,890.0,55.4,67.7,46.9,True,True,20.0,⏳ NOT READY
Saregama India Ltd,SAREGAMA.NS,344.1,32.3,42.2,55.3,False,False,33.3,⏳ NOT READY
Sarda Energy and Min,SARDAEN.NS,508.8,56.3,49.5,37.6,False,False,25.5,⏳ NOT READY
Sapphire Foods India,SAPPHIRE.NS,160.1,29.3,29.2,20.8,False,False,52.9,⏳ NOT READY
Sammaan Capital Ltd.,SAMMAANCAP.NS,138.0,49.7,42.1,32.8,False,False,22.2,⏳ NOT READY
SRF Ltd.,SRF.NS,2454.5,56.7,27.2,43.9,False,False,36.1,⏳ NOT READY
SJVN Ltd.,SJVN.NS,70.1,27.9,48.4,43.9,False,False,14.4,⏳ NOT READY
SBI Cards and Paymen,SBICARD.NS,688.8,58.3,16.1,19.7,False,False,36.8,⏳ NOT READY
SBFC Finance Ltd.,SBFC.NS,86.8,51.4,34.5,31.8,False,False,33.8,⏳ NOT READY
Reliance Power Ltd.,RPOWER.NS,22.6,41.0,21.2,41.7,False,False,22.3,⏳ NOT READY
Reliance Infrastruct,RELINFRA.NS,77.5,32.7,29.2,33.2,False,False,52.5,⏳ NOT READY
Rashtriya Chemicals ,RCF.NS,116.6,34.9,36.4,41.2,False,False,19.6,⏳ NOT READY
Home First Finance C,HOMEFIRST.NS,936.0,51.7,28.4,22.2,False,False,38.0,⏳ NOT READY
Infosys Ltd.,INFY.NS,1255.9,28.3,23.3,40.8,False,False,34.5,⏳ NOT READY
eClerx Services Ltd.,ECLERX.NS,1469.0,47.2,24.0,37.8,False,False,44.7,⏳ NOT READY
Coromandel Internati,COROMANDEL.NS,1911.0,58.1,18.3,24.9,False,False,27.6,⏳ NOT READY
Apar Industries Ltd.,APARINDS.NS,9673.0,53.1,53.6,31.6,True,True,24.2,⏳ NOT READY
Container Corporatio,CONCOR.NS,447.3,27.9,36.1,28.4,False,False,39.9,⏳ NOT READY
Apollo Hospitals Ent,APOLLOHOSP.NS,7364.5,55.5,55.9,28.8,False,False,26.5,⏳ NOT READY
Apollo Tyres Ltd.,APOLLOTYRE.NS,420.9,41.7,25.3,36.1,False,False,47.1,⏳ NOT READY
Concord Biotech Ltd.,CONCORDBIO.NS,1092.3,26.4,34.8,25.3,False,False,25.1,⏳ NOT READY
Computer Age Managem,CAMS.NS,640.7,31.6,25.5,40.2,False,False,33.9,⏳ NOT READY
Angel One Ltd.,ANGELONE.NS,231.3,43.2,42.7,48.6,False,False,32.1,⏳ NOT READY
Colgate Palmolive (I,COLPAL.NS,1896.1,38.5,33.3,15.2,False,False,55.5,⏳ NOT READY
Coforge Ltd.,COFORGE.NS,1089.3,36.0,10.7,31.4,False,False,56.3,⏳ NOT READY
Cochin Shipyard Ltd.,COCHINSHIP.NS,1341.5,49.2,35.8,35.8,False,False,23.6,⏳ NOT READY
Clean Science and Te,CLEAN.NS,698.6,26.8,18.2,40.7,False,False,24.6,⏳ NOT READY
Asahi India Glass Lt,ASAHIINDIA.NS,810.5,59.9,21.9,33.8,False,False,38.8,⏳ NOT READY
Cipla Ltd.,CIPLA.NS,1256.4,40.1,11.5,25.1,False,False,51.6,⏳ NOT READY
Cholamandalam Financ,CHOLAHLDNG.NS,1407.6,57.1,17.0,28.8,False,False,55.5,⏳ NOT READY
Asian Paints Ltd.,ASIANPAINT.NS,2195.4,52.9,19.1,30.1,False,False,39.4,⏳ NOT READY
Aptus Value Housing ,APTUS.NS,208.8,38.8,16.6,19.3,False,False,47.5,⏳ NOT READY
Chambal Fertilizers ,CHAMBLFERT.NS,428.5,48.2,48.8,37.9,False,False,20.1,⏳ NOT READY
Anant Raj Ltd.,ANANTRAJ.NS,465.9,34.2,36.3,32.9,False,False,42.2,⏳ NOT READY
Ambuja Cements Ltd.,AMBUJACEM.NS,420.5,44.7,24.6,21.7,False,False,59.7,⏳ NOT READY
Devyani Internationa,DEVYANI.NS,104.2,35.0,35.1,21.0,False,False,46.8,⏳ NOT READY
Alembic Pharmaceutic,APLLTD.NS,677.3,33.7,12.5,36.3,False,False,46.2,⏳ NOT READY
Delhivery Ltd.,DELHIVERY.NS,422.9,59.9,53.3,45.4,True,False,24.4,⏳ NOT READY
Alkem Laboratories L,ALKEM.NS,5257.5,51.9,39.1,30.0,False,False,24.0,⏳ NOT READY
Alkyl Amines Chemica,ALKYLAMINE.NS,1292.0,42.7,19.6,28.1,False,False,37.8,⏳ NOT READY
Deepak Nitrite Ltd.,DEEPAKNTR.NS,1390.3,24.8,41.9,24.0,False,False,49.3,⏳ NOT READY
Alok Industries Ltd.,ALOKINDS.NS,12.8,31.0,25.9,29.3,False,False,30.1,⏳ NOT READY
Crompton Greaves Con,CROMPTON.NS,243.1,29.1,45.0,34.0,False,False,20.3,⏳ NOT READY
Amara Raja Energy & ,ARE&M.NS,759.2,22.0,19.9,19.6,False,False,44.0,⏳ NOT READY
Dalmia Bharat Ltd.,DALBHARAT.NS,1841.0,57.1,37.1,34.7,False,False,44.1,⏳ NOT READY
Dabur India Ltd.,DABUR.NS,430.7,53.9,31.2,15.9,False,False,54.0,⏳ NOT READY
DOMS Industries Ltd.,DOMS.NS,2278.8,43.0,37.1,46.7,False,False,37.5,⏳ NOT READY
DLF Ltd.,DLF.NS,540.8,35.0,25.9,32.5,False,False,39.6,⏳ NOT READY
DCM Shriram Ltd.,DCMSHRIRAM.NS,1041.0,46.8,31.6,50.7,False,False,31.7,⏳ NOT READY
Amber Enterprises In,AMBER.NS,6654.5,52.4,50.3,27.7,False,False,42.3,⏳ NOT READY
Cyient Ltd.,CYIENT.NS,825.3,16.0,23.1,31.7,False,False,37.8,⏳ NOT READY
Data Patterns (India,DATAPATTNS.NS,3230.8,58.3,63.8,50.9,True,True,30.3,⏳ NOT READY
Chalet Hotels Ltd.,CHALET.NS,723.5,39.6,27.5,33.8,False,False,50.6,⏳ NOT READY
Cera Sanitaryware Lt,CERA.NS,4753.7,29.6,35.9,44.8,False,False,39.7,⏳ NOT READY
Century Plyboards (I,CENTURYPLY.NS,650.9,49.8,20.7,28.5,False,False,50.1,⏳ NOT READY
Birlasoft Ltd.,BSOFT.NS,358.0,30.6,33.3,33.4,False,False,19.1,⏳ NOT READY
Biocon Ltd.,BIOCON.NS,381.0,53.5,46.7,44.6,False,True,29.8,⏳ NOT READY
Aurobindo Pharma Ltd,AUROPHARMA.NS,1291.4,44.1,61.1,63.5,True,True,19.1,⏳ NOT READY
Bikaji Foods Interna,BIKAJI.NS,629.7,37.7,26.5,46.5,False,False,21.6,⏳ NOT READY
Avenue Supermarts Lt,DMART.NS,3770.8,54.0,45.4,43.9,False,False,14.6,⏳ NOT READY
Bharat Heavy Electri,BHEL.NS,262.0,55.8,42.0,48.4,False,True,16.8,⏳ NOT READY
BASF India Ltd.,BASF.NS,3312.2,24.1,12.1,40.8,False,False,25.9,⏳ NOT READY
Blue Dart Express Lt,BLUEDART.NS,5101.5,37.0,42.2,23.8,False,False,46.6,⏳ NOT READY
Bharat Dynamics Ltd.,BDL.NS,1249.9,52.9,42.4,47.9,False,False,26.4,⏳ NOT READY
BEML Ltd.,BEML.NS,1514.6,44.4,42.0,33.2,False,False,30.5,⏳ NOT READY
Bayer Cropscience Lt,BAYERCROP.NS,4717.5,42.4,60.7,52.4,True,False,35.5,⏳ NOT READY
Bata India Ltd.,BATAINDIA.NS,663.3,14.9,3.6,16.2,False,False,58.4,⏳ NOT READY
BLS International Se,BLS.NS,240.6,30.7,28.1,22.8,False,False,19.2,⏳ NOT READY
Bandhan Bank Ltd.,BANDHANBNK.NS,158.4,58.4,56.3,31.6,False,False,40.5,⏳ NOT READY
Balrampur Chini Mill,BALRAMCHIN.NS,485.9,44.0,69.8,54.6,True,False,27.8,⏳ NOT READY
Balkrishna Industrie,BALKRISIND.NS,2105.1,33.0,41.5,28.0,False,False,33.7,⏳ NOT READY
Berger Paints India ,BERGEPAINT.NS,416.7,51.4,15.8,28.9,False,False,64.8,⏳ NOT READY
Blue Jet Healthcare ,BLUEJET.NS,358.0,43.6,17.0,32.8,False,False,20.7,⏳ NOT READY
Blue Star Ltd.,BLUESTARCO.NS,1708.6,45.5,44.6,31.5,False,False,30.7,⏳ NOT READY
Bombay Burmah Tradin,BBTC.NS,1504.6,38.4,23.3,29.4,False,False,47.3,⏳ NOT READY
Central Depository S,CDSL.NS,1190.8,39.4,12.2,37.8,False,False,33.5,⏳ NOT READY
Central Bank of Indi,CENTRALBK.NS,34.2,31.7,44.5,22.5,False,False,56.2,⏳ NOT READY
Ceat Ltd.,CEATLTD.NS,3537.5,54.2,43.3,50.2,False,False,31.8,⏳ NOT READY
Castrol India Ltd.,CASTROLIND.NS,187.3,50.2,55.9,52.6,True,False,13.1,⏳ NOT READY
Carborundum Universa,CARBORUNIV.NS,757.0,25.8,31.5,28.3,False,False,43.5,⏳ NOT READY
Capri Global Capital,CGCL.NS,170.1,41.2,40.4,61.6,False,False,23.6,⏳ NOT READY
Caplin Point Laborat,CAPLIPOINT.NS,1604.1,29.1,20.3,26.1,False,False,34.2,⏳ NOT READY
Can Fin Homes Ltd.,CANFINHOME.NS,820.3,56.2,35.4,45.2,False,False,34.5,⏳ NOT READY
Campus Activewear Lt,CAMPUS.NS,225.0,36.4,27.6,16.4,False,False,73.5,⏳ NOT READY
CRISIL Ltd.,CRISIL.NS,4000.4,35.7,38.9,24.9,False,False,54.0,⏳ NOT READY
CG Power and Industr,CGPOWER.NS,681.6,50.0,52.5,39.5,False,False,21.3,⏳ NOT READY
CESC Ltd.,CESC.NS,152.7,45.3,40.4,41.6,False,False,14.3,⏳ NOT READY
Astral Ltd.,ASTRAL.NS,1631.8,50.9,67.5,46.5,True,True,13.7,⏳ NOT READY
Atul Ltd.,ATUL.NS,6245.0,47.9,58.1,37.4,False,False,20.9,⏳ NOT READY
C.E. Info Systems Lt,MAPMYINDIA.NS,915.7,35.2,8.2,28.9,False,False,43.7,⏳ NOT READY
Brigade Enterprises ,BRIGADE.NS,643.9,26.3,11.0,35.4,False,False,36.7,⏳ NOT READY
Bosch Ltd.,BOSCHLTD.NS,30390.0,55.2,33.2,17.7,False,False,50.5,⏳ NOT READY
Divi's Laboratories ,DIVISLAB.NS,6100.0,53.3,40.8,32.6,False,False,33.0,⏳ NOT READY
Dixon Technologies (,DIXON.NS,10342.0,29.9,24.5,47.7,False,False,17.5,⏳ NOT READY
Deepak Fertilisers &,DEEPAKFERT.NS,908.5,45.0,17.8,36.6,False,False,33.2,⏳ NOT READY
Dr. Reddy's Laborato,DRREDDY.NS,1298.9,43.4,53.4,53.0,True,True,23.6,⏳ NOT READY
Abbott India Ltd.,ABBOTINDIA.NS,26715.0,44.4,37.5,52.1,False,False,17.9,⏳ NOT READY
Graphite India Ltd.,GRAPHITE.NS,607.1,59.5,58.0,24.2,False,True,29.6,⏳ NOT READY
Granules India Ltd.,GRANULES.NS,591.0,49.2,53.9,52.7,True,True,14.2,⏳ NOT READY
Godrej Properties Lt,GODREJPROP.NS,1549.5,31.5,28.6,32.3,False,False,31.4,⏳ NOT READY
Godrej Industries Lt,GODREJIND.NS,832.0,42.7,28.3,17.2,False,False,59.9,⏳ NOT READY
Godrej Consumer Prod,GODREJCP.NS,1017.6,58.6,35.1,18.2,False,False,56.6,⏳ NOT READY
Godrej Agrovet Ltd.,GODREJAGRO.NS,588.5,42.3,49.6,33.8,False,False,24.3,⏳ NOT READY
Aavas Financiers Ltd,AAVAS.NS,1098.1,40.2,12.4,16.4,False,False,66.8,⏳ NOT READY
Godfrey Phillips Ind,GODFRYPHLP.NS,1991.5,54.8,32.1,38.5,False,False,9.6,⏳ NOT READY
Adani Energy Solutio,ADANIENSOL.NS,1009.9,59.5,49.9,49.7,True,True,21.2,⏳ NOT READY
Global Health Ltd.,MEDANTA.NS,1005.7,53.4,35.9,14.3,False,False,30.7,⏳ NOT READY
Dr. Lal Path Labs Lt,LALPATHLAB.NS,1308.2,46.2,35.7,32.7,False,False,24.0,⏳ NOT READY
Glaxosmithkline Phar,GLAXO.NS,2384.8,56.1,36.9,26.0,False,False,36.8,⏳ NOT READY
Adani Enterprises Lt,ADANIENT.NS,1927.1,41.9,35.6,21.5,False,False,44.2,⏳ NOT READY
Gland Pharma Ltd.,GLAND.NS,1627.1,51.6,46.0,25.9,False,False,34.9,⏳ NOT READY
Gillette India Ltd.,GILLETTE.NS,8001.5,44.2,50.5,35.4,False,False,33.5,⏳ NOT READY
Action Construction ,ACE.NS,829.2,27.2,39.6,36.7,False,False,13.9,⏳ NOT READY
General Insurance Co,GICRE.NS,372.1,39.8,46.0,42.8,False,False,30.6,⏳ NOT READY
Gravita India Ltd.,GRAVITA.NS,1405.2,35.2,23.5,19.1,False,False,43.8,⏳ NOT READY
Gujarat Gas Ltd.,GUJGASLTD.NS,354.6,38.9,38.0,29.8,False,False,24.9,⏳ NOT READY
Hindustan Unilever L,HINDUNILVR.NS,2082.7,51.9,36.7,12.9,False,False,52.1,⏳ NOT READY
Hindustan Petroleum ,HINDPETRO.NS,336.3,54.1,31.3,20.1,False,False,46.2,⏳ NOT READY
Hindustan Aeronautic,HAL.NS,3782.4,48.2,37.5,40.9,False,False,29.8,⏳ NOT READY
ABB India Ltd.,ABB.NS,6297.0,42.8,70.2,57.5,True,True,35.8,⏳ NOT READY
ACC Ltd.,ACC.NS,1381.4,26.7,17.1,22.2,False,False,64.2,⏳ NOT READY
Himadri Speciality C,HSCL.NS,451.4,41.0,46.6,36.9,False,False,34.6,⏳ NOT READY
Havells India Ltd.,HAVELLS.NS,1281.2,36.1,37.3,33.2,False,False,24.4,⏳ NOT READY
Gujarat Fluorochemic,FLUOROCHEM.NS,3183.9,40.9,42.1,32.2,False,False,35.5,⏳ NOT READY
Happiest Minds Techn,HAPPSTMNDS.NS,410.9,15.6,34.1,63.5,True,False,26.0,⏳ NOT READY
AIA Engineering Ltd.,AIAENG.NS,3409.6,57.6,40.1,29.5,False,False,19.8,⏳ NOT READY
HDFC Bank Ltd.,HDFCBANK.NS,780.5,51.5,15.4,23.1,False,False,52.5,⏳ NOT READY
HCL Technologies Ltd,HCLTECH.NS,1333.7,34.7,19.6,36.7,False,False,46.2,⏳ NOT READY
H.E.G. Ltd.,HEG.NS,498.1,53.7,44.9,24.3,False,False,30.3,⏳ NOT READY
Gujarat State Petron,GSPL.NS,254.8,39.8,36.6,21.0,False,False,18.2,⏳ NOT READY
AWL Agri Business Lt,AWL.NS,192.1,23.9,22.9,53.2,False,False,31.7,⏳ NOT READY
Aarti Industries Ltd,AARTIIND.NS,427.4,54.7,69.4,44.1,True,True,20.0,⏳ NOT READY
HFCL Ltd.,HFCL.NS,71.2,18.3,55.2,56.5,True,False,20.8,⏳ NOT READY
Adani Green Energy L,ADANIGREEN.NS,863.1,46.5,36.6,31.3,False,False,32.6,⏳ NOT READY
Bajaj Holdings & Inv,BAJAJHLDNG.NS,9512.0,43.6,28.6,19.2,False,False,46.6,⏳ NOT READY
Aditya Birla Sun Lif,ABSLAMC.NS,944.7,54.7,71.5,55.9,True,True,22.5,⏳ NOT READY
Endurance Technologi,ENDURANCE.NS,2280.3,58.7,35.9,17.7,False,False,41.2,⏳ NOT READY
Emami Ltd.,EMAMILTD.NS,402.8,33.5,15.0,21.6,False,False,62.3,⏳ NOT READY
Eternal Ltd.,ETERNAL.NS,232.3,44.4,29.9,40.6,False,False,44.6,⏳ NOT READY
Affle 3i Ltd.,AFFLE.NS,1285.7,39.9,24.9,39.0,False,False,42.4,⏳ NOT READY
Escorts Kubota Ltd.,ESCORTS.NS,3059.4,54.1,35.5,33.6,False,False,41.8,⏳ NOT READY
Fertilisers and Chem,FACT.NS,791.5,38.1,47.1,55.3,False,False,44.7,⏳ NOT READY
Aditya Birla Real Es,ABREL.NS,1165.4,28.8,23.0,34.8,False,False,33.4,⏳ NOT READY
Elgi Equipments Ltd.,ELGIEQUIP.NS,480.0,46.9,48.6,34.5,False,False,33.7,⏳ NOT READY
Finolex Cables Ltd.,FINCABLES.NS,878.2,37.9,61.8,45.5,True,True,29.4,⏳ NOT READY
Ajanta Pharmaceutica,AJANTPHARM.NS,2904.7,52.3,61.2,44.5,True,True,20.4,⏳ NOT READY
Aditya Birla Fashion,ABFRL.NS,60.0,12.0,30.8,31.4,False,False,35.1,⏳ NOT READY
Finolex Industries L,FINPIPE.NS,174.6,34.4,56.7,37.8,False,False,24.8,⏳ NOT READY
Elecon Engineering C,ELECON.NS,389.9,35.8,34.0,39.0,False,False,20.9,⏳ NOT READY
Five-Star Business F,FIVESTAR.NS,350.6,26.4,4.5,27.0,False,False,46.6,⏳ NOT READY
Adani Total Gas Ltd.,ATGL.NS,551.9,28.8,43.0,56.1,True,False,34.1,⏳ NOT READY
Engineers India Ltd.,ENGINERSIN.NS,191.6,58.5,50.1,29.0,False,False,21.3,⏳ NOT READY
Garden Reach Shipbui,GRSE.NS,2280.8,60.0,48.3,40.7,False,False,22.8,⏳ NOT READY
Eris Lifesciences Lt,ERIS.NS,1284.9,49.7,18.1,32.3,False,False,50.6,⏳ NOT READY
Akzo Nobel India Ltd,AKZOINDIA.NS,2885.1,42.2,27.9,46.7,False,False,32.2,⏳ NOT READY
GAIL (India) Ltd.,GAIL.NS,142.9,46.4,32.1,24.4,False,False,48.1,⏳ NOT READY
EIH Ltd.,EIHOTEL.NS,309.5,34.1,29.6,47.7,False,False,36.2,⏳ NOT READY
E.I.D. Parry (India),EIDPARRY.NS,789.0,48.9,26.4,32.7,False,False,34.4,⏳ NOT READY
Firstsource Solution,FSL.NS,217.0,26.0,17.6,52.7,False,False,25.1,⏳ NOT READY
Exide Industries Ltd,EXIDEIND.NS,302.6,32.3,21.0,32.0,False,False,29.2,⏳ NOT READY
Multi Commodity Exch,MCX.NS,2414.5,74.3,63.9,48.0,True,True,20.0,⚡ APPROACHING
Kirloskar Oil Eng Lt,KIRLOSENG.NS,1376.7,62.8,62.5,47.7,True,True,18.7,⚡ APPROACHING
NTPC Ltd.,NTPC.NS,381.0,66.6,71.9,49.4,True,True,17.0,⚡ APPROACHING
Bharat Electronics L,BEL.NS,426.1,68.7,60.7,43.1,False,True,28.2,⚡ APPROACHING
Mangalore Refinery &,MRPL.NS,191.2,61.7,66.1,47.9,True,True,21.1,⚡ APPROACHING
Hitachi Energy India,POWERINDIA.NS,25025.0,68.9,66.7,45.3,True,True,22.6,⚡ APPROACHING
Jammu & Kashmir Bank,J&KBANK.NS,118.8,63.8,68.7,47.6,True,True,19.1,⚡ APPROACHING
GE Vernova T&D India,GVT&D.NS,3678.9,75.0,63.4,43.3,True,True,17.7,⚡ APPROACHING
APL Apollo Tubes Ltd,APLAPOLLO.NS,1973.1,72.5,61.3,30.7,False,True,39.3,👀 WATCHING (M+W ok)
Bank of Maharashtra,MAHABANK.NS,65.5,76.4,63.3,34.8,False,True,34.4,👀 WATCHING (M+W ok)
Bharat Forge Ltd.,BHARATFORG.NS,1711.5,67.7,65.1,34.0,True,True,31.5,👀 WATCHING (M+W ok)
Coal India Ltd.,COALINDIA.NS,468.1,68.7,72.9,67.8,True,True,34.6,👀 WATCHING (M+W ok)
Glenmark Pharmaceuti,GLENMARK.NS,2180.1,62.7,67.5,53.1,True,True,15.5,👀 WATCHING (M+W ok)
Oil & Natural Gas Co,ONGC.NS,265.4,66.9,67.3,34.1,True,True,26.2,👀 WATCHING (M+W ok)
Great Eastern Shippi,GESHIP.NS,1429.7,71.9,81.2,58.8,True,True,23.9,👀 WATCHING (M+W ok)
Union Bank of India,UNIONBANK.NS,177.6,78.6,62.3,29.7,False,True,36.5,👀 WATCHING (M+W ok)
J.B. Chemicals & Pha,JBCHEPHARM.NS,2138.6,64.0,84.6,63.3,True,True,32.2,👀 WATCHING (M+W ok)
National Aluminium C,NATIONALUM.NS,368.5,74.3,70.6,54.4,True,True,22.9,👀 WATCHING (M+W ok)
AU Small Finance Ban,AUBANK.NS,901.5,74.9,41.1,36.9,False,True,45.6,📊 MONTHLY OK
Adani Ports and Spec,ADANIPORTS.NS,1365.4,63.6,38.3,30.7,False,False,24.0,📊 MONTHLY OK
3M India Ltd.,3MINDIA.NS,32270.0,66.6,40.7,18.3,False,True,30.1,📊 MONTHLY OK
Bajaj Finance Ltd.,BAJFINANCE.NS,830.5,72.0,26.1,19.7,False,False,51.2,📊 MONTHLY OK
State Bank of India,SBIN.NS,1058.0,81.1,59.3,19.9,False,True,61.9,📊 MONTHLY OK
Bajaj Auto Ltd.,BAJAJ-AUTO.NS,9051.0,67.2,50.7,33.9,False,True,41.7,📊 MONTHLY OK
BSE Ltd.,BSE.NS,2806.1,63.1,53.2,56.1,True,True,15.0,📊 MONTHLY OK
Ashok Leyland Ltd.,ASHOKLEY.NS,168.9,89.7,52.6,22.7,False,True,53.2,📊 MONTHLY OK
Sundaram Finance Ltd,SUNDARMFIN.NS,4678.0,71.6,48.3,24.7,False,False,43.0,📊 MONTHLY OK
Adani Power Ltd.,ADANIPOWER.NS,151.5,67.2,54.5,67.3,True,True,33.6,📊 MONTHLY OK
Vodafone Idea Ltd.,IDEA.NS,9.3,62.5,30.6,31.2,False,True,46.7,📊 MONTHLY OK
UPL Ltd.,UPL.NS,625.5,60.7,36.0,45.5,False,False,37.9,📊 MONTHLY OK
ZF Commercial Vehicl,ZFCVINDIA.NS,13801.0,65.7,48.2,26.4,False,False,39.7,📊 MONTHLY OK
Aditya Birla Capital,ABCAPITAL.NS,311.2,78.8,29.9,32.9,False,True,31.3,📊 MONTHLY OK
Tata Consumer Produc,TATACONSUM.NS,1050.2,67.8,33.7,26.0,False,False,37.8,📊 MONTHLY OK
AstraZenca Pharma In,ASTRAZEN.NS,8321.0,60.2,30.6,28.8,False,False,36.2,📊 MONTHLY OK
Axis Bank Ltd.,AXISBANK.NS,1203.9,69.9,42.6,23.9,False,False,43.6,📊 MONTHLY OK
Anand Rathi Wealth L,ANANDRATHI.NS,3003.4,69.6,53.3,41.2,False,True,33.5,📊 MONTHLY OK
Titan Company Ltd.,TITAN.NS,4106.6,66.6,59.6,35.6,False,True,37.7,📊 MONTHLY OK
Bajaj Finserv Ltd.,BAJAJFINSV.NS,1710.3,69.3,21.6,21.0,False,False,56.8,📊 MONTHLY OK
TVS Motor Company Lt,TVSMOTOR.NS,3462.2,83.0,44.2,35.2,False,True,32.3,📊 MONTHLY OK
Aster DM Healthcare ,ASTERDM.NS,627.0,61.8,51.2,42.3,False,True,22.9,📊 MONTHLY OK
Syrma SGS Technology,SYRMA.NS,783.9,65.2,54.4,44.2,True,True,25.4,📊 MONTHLY OK
Hindustan Zinc Ltd.,HINDZINC.NS,514.8,68.6,44.3,27.5,False,True,39.3,📊 MONTHLY OK
Shyam Metalics and E,SHYAMMETL.NS,795.3,60.8,49.3,31.5,False,False,28.5,📊 MONTHLY OK
Manappuram Finance L,MANAPPURAM.NS,259.2,72.3,42.5,33.5,False,False,31.4,📊 MONTHLY OK
Mahindra & Mahindra ,M&M.NS,3066.1,60.5,30.5,37.4,False,False,35.5,📊 MONTHLY OK
Maharashtra Scooters,MAHSCOOTER.NS,12441.0,64.6,26.2,32.6,False,False,20.1,📊 MONTHLY OK
Eicher Motors Ltd.,EICHERMOT.NS,6909.0,80.7,45.5,29.6,False,True,46.6,📊 MONTHLY OK
Laurus Labs Ltd.,LAURUSLABS.NS,987.2,73.8,47.3,35.3,False,True,33.0,📊 MONTHLY OK
Larsen & Toubro Ltd.,LT.NS,3434.8,65.2,35.1,23.0,False,False,45.7,📊 MONTHLY OK
L&T Finance Ltd.,LTF.NS,261.2,81.0,30.1,35.4,False,True,28.7,📊 MONTHLY OK
Krishna Institute of,KIMS.NS,645.1,60.8,47.8,25.8,False,False,24.3,📊 MONTHLY OK
Kotak Mahindra Bank ,KOTAKBANK.NS,366.8,61.4,21.9,21.3,False,False,63.7,📊 MONTHLY OK
Karur Vysya Bank Ltd,KARURVYSYA.NS,263.9,82.3,55.5,21.0,False,True,52.2,📊 MONTHLY OK
FSN E-Commerce Ventu,NYKAA.NS,240.6,78.0,46.0,30.9,False,True,33.2,📊 MONTHLY OK
Federal Bank Ltd.,FEDERALBNK.NS,267.1,77.2,52.5,26.6,False,True,54.3,📊 MONTHLY OK
Fortis Healthcare Lt,FORTIS.NS,822.0,63.9,42.1,23.9,False,False,44.4,📊 MONTHLY OK
GMR Airports Ltd.,GMRAIRPORT.NS,90.6,63.2,36.4,34.6,False,False,24.0,📊 MONTHLY OK
JSW Steel Ltd.,JSWSTEEL.NS,1169.6,78.6,54.3,38.5,False,True,47.4,📊 MONTHLY OK
JK Tyre & Industries,JKTYRE.NS,417.2,61.7,44.3,30.3,False,False,47.4,📊 MONTHLY OK
Godawari Power & Isp,GPIL.NS,262.6,61.1,59.3,48.1,True,True,19.6,📊 MONTHLY OK
J.K. Cement Ltd.,JKCEMENT.NS,5000.0,61.1,36.1,22.0,False,False,50.7,📊 MONTHLY OK
Indus Towers Ltd.,INDUSTOWER.NS,434.5,65.1,55.3,40.7,False,True,34.6,📊 MONTHLY OK
Grasim Industries Lt,GRASIM.NS,2616.3,60.5,34.8,37.2,False,False,39.1,📊 MONTHLY OK
Indian Oil Corporati,IOC.NS,144.6,72.3,44.3,12.5,False,False,48.8,📊 MONTHLY OK
Gujarat Mineral Deve,GMDCLTD.NS,575.7,70.3,56.7,51.4,True,True,18.8,📊 MONTHLY OK
Indian Bank,INDIANB.NS,878.7,85.3,59.1,30.2,False,True,46.6,📊 MONTHLY OK
HDFC Asset Managemen,HDFCAMC.NS,2385.9,66.9,38.3,27.2,False,False,33.3,📊 MONTHLY OK
HDFC Life Insurance ,HDFCLIFE.NS,623.7,61.0,21.3,15.2,False,False,57.5,📊 MONTHLY OK
Hero MotoCorp Ltd.,HEROMOTOCO.NS,5275.5,71.0,38.6,37.4,False,True,22.9,📊 MONTHLY OK
IDBI Bank Ltd.,IDBI.NS,73.1,68.8,36.6,13.3,False,False,69.8,📊 MONTHLY OK
Hindalco Industries ,HINDALCO.NS,874.2,75.9,53.0,40.2,False,True,27.8,📊 MONTHLY OK
Hindustan Copper Ltd,HINDCOPPER.NS,489.5,70.3,58.7,31.3,False,True,45.2,📊 MONTHLY OK
Marico Ltd.,MARICO.NS,744.3,69.0,54.9,30.4,False,True,33.7,📊 MONTHLY OK
Solar Industries Ind,SOLARINDS.NS,12934.0,60.1,53.9,42.7,False,False,30.0,📊 MONTHLY OK
Maruti Suzuki India ,MARUTI.NS,12601.0,69.7,18.9,24.4,False,False,52.5,📊 MONTHLY OK
Choice International,CHOICEIN.NS,614.9,63.3,35.5,25.9,False,False,49.0,📊 MONTHLY OK
Schaeffler India Ltd,SCHAEFFLER.NS,4186.5,63.4,58.0,44.6,True,True,23.3,📊 MONTHLY OK
Samvardhana Motherso,MOTHERSON.NS,111.6,63.0,42.9,27.6,False,True,34.1,📊 MONTHLY OK
SBI Life Insurance C,SBILIFE.NS,1896.9,85.0,35.0,32.2,False,False,24.1,📊 MONTHLY OK
Bharat Petroleum Cor,BPCL.NS,287.8,70.2,36.5,9.0,False,False,63.7,📊 MONTHLY OK
Bharti Airtel Ltd.,BHARTIARTL.NS,1846.1,63.7,26.6,44.0,False,False,51.9,📊 MONTHLY OK
Redington Ltd.,REDINGTON.NS,217.4,63.3,31.8,24.4,False,False,24.0,📊 MONTHLY OK
Britannia Industries,BRITANNIA.NS,5618.5,70.6,37.6,29.2,False,False,41.1,📊 MONTHLY OK
RBL Bank Ltd.,RBLBANK.NS,297.2,82.6,47.0,35.8,False,True,25.4,📊 MONTHLY OK
Bank of Baroda,BANKBARODA.NS,280.0,71.7,48.4,24.1,False,True,42.6,📊 MONTHLY OK
Punjab National Bank,PNB.NS,111.5,68.3,45.6,24.0,False,False,45.8,📊 MONTHLY OK
CCL Products (I) Ltd,CCL.NS,1087.6,65.5,58.7,65.8,True,True,16.1,📊 MONTHLY OK
Max Financial Servic,MFSL.NS,1639.3,73.1,43.6,24.6,False,True,47.2,📊 MONTHLY OK
Poonawalla Fincorp L,POONAWALLA.NS,393.6,64.1,39.2,28.2,False,False,30.9,📊 MONTHLY OK
Canara Bank,CANBK.NS,136.4,72.7,43.2,26.1,False,True,37.5,📊 MONTHLY OK
Shipping Corporation,SCI.NS,233.4,62.2,52.9,34.4,False,True,21.4,📊 MONTHLY OK
PTC Industries Ltd.,PTCIL.NS,17418.0,60.6,44.7,41.6,False,True,31.3,📊 MONTHLY OK
Chennai Petroleum Co,CHENNPETRO.NS,1064.8,66.3,59.9,59.9,True,True,34.8,📊 MONTHLY OK
Cholamandalam Invest,CHOLAFIN.NS,1440.5,72.4,33.8,16.2,False,False,58.9,📊 MONTHLY OK
Shriram Finance Ltd.,SHRIRAMFIN.NS,938.6,78.2,59.2,32.8,False,True,29.1,📊 MONTHLY OK
City Union Bank Ltd.,CUB.NS,241.4,73.2,39.3,31.0,False,True,32.4,📊 MONTHLY OK
Nippon Life India As,NAM-INDIA.NS,838.9,65.8,46.4,35.7,False,False,23.9,📊 MONTHLY OK
Nestle India Ltd.,NESTLEIND.NS,1193.6,67.7,43.5,19.4,False,False,49.2,📊 MONTHLY OK
Navin Fluorine Inter,NAVINFLUOR.NS,6124.0,79.2,50.0,46.3,False,True,19.7,📊 MONTHLY OK
Narayana Hrudayalaya,NH.NS,1652.2,65.5,34.7,23.6,False,False,48.4,📊 MONTHLY OK
NMDC Ltd.,NMDC.NS,79.8,71.6,55.4,44.9,True,True,18.8,📊 MONTHLY OK
Craftsman Automation,CRAFTSMAN.NS,6912.0,66.8,48.9,35.8,False,True,50.7,📊 MONTHLY OK
CreditAccess Grameen,CREDITACC.NS,1156.9,65.5,36.2,34.1,False,False,14.3,📊 MONTHLY OK
Cummins India Ltd.,CUMMINSIND.NS,4615.3,72.3,50.8,40.5,True,True,23.2,📊 MONTHLY OK
Muthoot Finance Ltd.,MUTHOOTFIN.NS,3315.9,71.9,25.7,48.0,False,True,28.3,📊 MONTHLY OK
Bank of India,BANKINDIA.NS,150.5,78.9,55.9,25.3,False,True,48.7,📊 MONTHLY OK
Steel Authority of I,SAIL.NS,155.5,76.2,65.7,38.8,True,True,28.1,🟢 ACTIVE SIGNAL
Torrent Pharmaceutic,TORNTPHARM.NS,4270.2,70.3,75.5,44.9,True,True,27.6,🟢 ACTIVE SIGNAL
Force Motors Ltd.,FORCEMOT.NS,21585.0,83.6,60.2,37.4,True,True,18.2,🟢 ACTIVE SIGNAL
Tata Steel Ltd.,TATASTEEL.NS,196.8,75.4,62.6,38.5,True,True,32.1,🟢 ACTIVE SIGNAL
Vedanta Ltd.,VEDL.NS,672.2,77.3,74.1,35.8,False,True,17.6,🟢 ACTIVE SIGNAL
Jindal Steel Ltd.,JINDALSTEL.NS,1186.5,71.9,63.2,43.4,True,True,21.2,🟢 ACTIVE SIGNAL
