strategy,entry_date,exit_date,entry_price,exit_price,shares,gross_pnl,costs,net_pnl,pnl_pct,reason,regime,duration,rsi_entry_d,rsi_exit_d,rsi_weekly,rsi_monthly,instrument
GFS Basic,2006-05-22,2006-05-24,104.36,92.31,910,-10964.68,215.0,-11179.68,-11.77,Price Stop (candle low),bull,2,40.0,36.6,73.3,94.5,RELIANCE
GFS Basic,2006-05-24,2006-06-06,96.48,90.18,874,-5507.37,197.01,-5704.38,-6.76,Price Stop (candle low),bull,13,36.6,25.9,74.3,88.7,RELIANCE
GFS Basic,2006-06-12,2006-06-28,92.53,99.58,853,6009.65,196.95,5812.69,7.36,RSI Target 70,bull,16,42.2,72.9,70.6,88.7,RELIANCE
GFS Basic,2006-07-20,2006-07-21,102.56,96.25,823,-5189.18,197.52,-5386.7,-6.38,Price Stop (candle low),bull,1,38.9,33.1,58.8,91.3,RELIANCE
GFS Basic,2006-11-24,2006-11-27,128.44,124.64,617,-2347.21,189.0,-2536.21,-3.2,Price Stop (candle low),bull,3,36.2,37.1,86.7,85.5,RELIANCE
GFS Basic,2006-11-27,2006-11-28,126.91,124.42,606,-1505.64,184.67,-1690.31,-2.2,Price Stop (candle low),bull,1,37.1,49.3,86.7,85.5,RELIANCE
GFS Basic,2006-11-29,2006-12-12,126.44,119.91,595,-3881.21,178.49,-4059.7,-5.4,Price Stop (candle low),bull,13,44.6,30.7,82.7,85.1,RELIANCE
GFS Basic,2006-12-13,2007-01-12,125.37,133.26,570,4493.29,178.79,4314.5,6.04,RSI Target 70,bull,30,42.2,73.6,82.5,87.0,RELIANCE
GFS Basic,2007-02-12,2007-02-13,140.09,135.89,539,-2263.18,180.78,-2443.97,-3.24,Price Stop (candle low),bull,1,41.1,47.0,73.3,87.6,RELIANCE
GFS Basic,2007-02-28,2007-03-05,140.92,125.28,519,-8114.62,169.45,-8284.06,-11.33,Price Stop (candle low),bull,5,38.4,31.3,58.7,86.1,RELIANCE
GFS Basic,2007-06-07,2007-06-08,176.65,166.34,370,-3814.88,156.63,-3971.51,-6.08,Price Stop (candle low),bull,1,44.7,27.1,78.6,88.4,RELIANCE
GFS Basic,2007-06-12,2007-06-22,180.88,171.17,340,-3300.52,148.57,-3449.09,-5.61,Trailing Stop 5%,bull,10,37.4,43.7,82.4,88.4,RELIANCE
GFS Basic,2007-06-22,2007-06-25,175.6,171.57,332,-1336.41,143.5,-1479.91,-2.54,Price Stop (candle low),bull,3,43.7,43.9,82.4,88.4,RELIANCE
GFS Basic,2007-06-25,2007-06-28,174.34,169.85,326,-1464.02,140.12,-1604.14,-2.82,Price Stop (candle low),bull,3,43.9,57.8,82.4,88.4,RELIANCE
GFS Basic,2007-07-09,2007-07-16,173.9,178.36,318,1417.95,139.69,1278.26,2.31,RSI Target 70,bull,7,43.8,72.7,83.6,81.7,RELIANCE
GFS Basic,2007-08-06,2007-08-16,184.75,174.58,306,-3114.5,137.74,-3252.24,-5.75,Price Stop (candle low),bull,10,44.1,31.1,68.7,87.9,RELIANCE
GFS Basic,2007-08-17,2007-09-05,180.07,197.22,297,5092.54,139.46,4953.09,9.26,RSI Target 70,bull,19,38.0,78.6,66.1,87.5,RELIANCE
GFS Basic,2007-12-17,2007-12-18,291.41,273.81,199,-3502.96,140.57,-3643.53,-6.28,Price Stop (candle low),bull,1,44.9,45.1,86.2,96.1,RELIANCE
GFS Basic,2007-12-19,2008-01-08,281.37,306.64,194,4902.75,141.71,4761.04,8.72,RSI Target 70,bull,20,41.9,76.8,74.8,96.0,RELIANCE
GFS Basic,2013-02-06,2013-02-08,185.57,180.71,319,-1551.16,145.28,-1696.44,-2.87,Price Stop (candle low),bull,2,44.5,24.9,59.5,60.2,RELIANCE
GFS Basic,2013-02-18,2013-02-26,179.6,172.33,321,-2334.84,141.03,-2475.87,-4.29,Price Stop (candle low),bull,8,35.2,32.4,64.8,60.2,RELIANCE
GFS Basic,2013-02-27,2013-02-28,177.99,170.31,310,-2380.84,135.48,-2516.32,-4.56,Price Stop (candle low),bull,1,36.4,34.6,64.8,61.4,RELIANCE
GFS Basic,2013-08-01,2013-08-06,186.5,178.13,283,-2369.31,130.17,-2499.48,-4.74,Price Stop (candle low),bull,5,35.5,24.5,59.4,68.0,RELIANCE
GFS Basic,2013-09-26,2013-09-27,185.48,177.88,272,-2066.69,125.31,-2191.99,-4.34,Price Stop (candle low),bull,1,41.6,40.1,56.6,63.2,RELIANCE
GFS Basic,2014-05-05,2014-05-12,200.85,217.87,241,4101.3,127.15,3974.15,8.21,RSI Target 70,bull,7,40.1,72.4,77.1,60.5,RELIANCE
GFS Basic,2014-06-12,2014-06-13,239.79,231.4,218,-1828.7,129.6,-1958.3,-3.75,Price Stop (candle low),bull,1,41.1,44.3,72.6,71.5,RELIANCE
GFS Basic,2014-06-13,2014-06-16,238.39,227.88,211,-2218.72,124.82,-2343.53,-4.66,Price Stop (candle low),bull,3,44.3,43.6,72.6,71.5,RELIANCE
GFS Basic,2014-06-16,2014-06-18,237.0,228.16,203,-1795.66,120.39,-1916.05,-3.98,Price Stop (candle low),bull,2,43.6,48.4,72.6,71.5,RELIANCE
GFS Basic,2014-06-19,2014-06-20,235.86,221.69,196,-2777.33,115.19,-2892.51,-6.26,Price Stop (candle low),bull,1,44.9,39.2,65.3,71.5,RELIANCE
GFS Basic,2014-06-20,2014-06-26,230.14,216.43,189,-2592.18,109.31,-2701.48,-6.21,Price Stop (candle low),bull,6,39.2,23.3,65.3,71.5,RELIANCE
GFS Basic,2014-07-04,2014-07-08,219.45,212.82,187,-1238.89,105.24,-1344.13,-3.28,Price Stop (candle low),bull,4,41.9,31.8,61.7,66.2,RELIANCE
GFS Basic,2014-07-09,2014-07-11,221.48,206.72,179,-2642.98,100.7,-2743.68,-6.92,Price Stop (candle low),bull,2,38.4,32.6,52.8,66.2,RELIANCE
GFS Basic,2017-03-29,2017-04-06,277.11,315.05,134,5084.09,103.12,4980.97,13.41,RSI Target 70,bull,8,39.4,73.1,79.7,67.1,RELIANCE
GFS Basic,2017-04-27,2017-04-28,315.71,305.57,132,-1338.25,106.56,-1444.81,-3.47,Price Stop (candle low),bull,1,43.8,47.4,86.7,67.1,RELIANCE
GFS Basic,2017-05-05,2017-05-08,302.45,289.41,134,-1748.55,103.59,-1852.14,-4.57,Price Stop (candle low),bull,3,41.6,32.2,76.6,75.1,RELIANCE
GFS Basic,2017-05-09,2017-05-23,293.66,285.93,132,-1020.24,100.42,-1120.66,-2.89,Price Stop (candle low),bull,14,39.3,31.6,73.6,75.1,RELIANCE
GFS Basic,2017-05-25,2017-06-21,288.01,311.44,130,3046.09,101.69,2944.39,7.86,RSI Target 70,bull,27,41.2,74.5,61.8,67.6,RELIANCE
GFS Basic,2017-08-11,2017-08-14,355.03,347.26,114,-886.04,104.36,-990.39,-2.45,Price Stop (candle low),bull,3,35.9,44.4,69.7,82.2,RELIANCE
GFS Basic,2017-08-14,2017-08-29,349.14,338.23,113,-1233.06,101.73,-1334.79,-3.38,Price Stop (candle low),bull,15,44.4,29.0,73.1,82.2,RELIANCE
GFS Basic,2017-08-30,2017-09-12,346.38,363.69,110,1904.56,101.98,1802.58,4.73,RSI Target 70,bull,13,41.2,70.8,76.8,80.4,RELIANCE
GFS Basic,2017-09-27,2017-09-28,365.52,347.23,109,-1993.67,101.81,-2095.48,-5.26,Price Stop (candle low),bull,1,41.8,38.1,70.3,80.4,RELIANCE
GFS Basic,2017-09-28,2017-09-29,364.92,344.78,104,-2095.02,97.5,-2192.52,-5.78,Price Stop (candle low),bull,1,38.1,36.0,60.4,80.4,RELIANCE
GFS Basic,2017-09-29,2017-10-18,354.84,403.76,101,4940.7,100.1,4840.61,13.51,RSI Target 70,bull,19,36.0,82.8,70.0,77.0,RELIANCE
GFS Basic,2017-11-08,2017-11-09,413.22,397.58,98,-1533.21,103.74,-1636.95,-4.04,Price Stop (candle low),bull,1,41.7,47.2,71.0,81.8,RELIANCE
GFS Basic,2017-11-17,2017-11-28,400.41,416.5,97,1560.75,103.26,1457.49,3.75,RSI Target 70,bull,11,40.4,71.1,69.7,81.8,RELIANCE
GFS Basic,2017-12-11,2017-12-12,414.09,404.25,97,-954.49,103.6,-1058.09,-2.63,Price Stop (candle low),bull,1,43.3,43.8,63.1,79.1,RELIANCE
GFS Basic,2017-12-12,2017-12-21,409.25,403.08,96,-592.39,102.03,-694.42,-1.77,Price Stop (candle low),bull,9,43.8,51.7,61.9,79.1,RELIANCE
GFS Basic,2018-05-17,2018-05-18,430.46,412.3,89,-1615.97,98.8,-1714.76,-4.48,Price Stop (candle low),bull,1,41.1,30.4,54.7,76.7,RELIANCE
GFS Basic,2018-06-28,2018-07-02,438.41,426.95,84,-962.71,96.17,-1058.89,-2.88,Price Stop (candle low),bull,4,40.3,42.2,60.1,71.2,RELIANCE
GFS Basic,2018-07-02,2018-07-17,434.01,485.51,83,4274.63,99.81,4174.81,11.59,RSI Target 70,bull,15,42.2,71.8,69.2,71.2,RELIANCE
GFS Basic,2018-09-17,2018-09-18,567.52,540.98,70,-1858.22,101.69,-1959.91,-4.93,Price Stop (candle low),bull,1,38.3,30.5,79.4,81.4,RELIANCE
GFS Basic,2018-09-21,2018-10-04,544.57,498.8,70,-3203.78,96.73,-3300.5,-8.66,Price Stop (candle low),bull,13,37.6,26.3,74.5,78.9,RELIANCE
GFS Basic,2019-02-25,2019-02-26,554.04,542.35,63,-736.32,92.14,-828.46,-2.37,Price Stop (candle low),bull,1,35.8,33.6,62.1,65.0,RELIANCE
GFS Basic,2019-03-01,2019-03-11,551.62,579.62,62,1736.33,93.14,1643.2,4.8,RSI Target 70,bull,10,35.8,76.0,62.7,65.2,RELIANCE
GFS Basic,2019-04-10,2019-05-08,596.49,577.56,60,-1135.81,93.69,-1229.5,-3.44,Price Stop (candle low),bull,28,40.1,42.6,77.1,69.2,RELIANCE
GFS Basic,2019-05-08,2019-05-09,620.64,558.44,55,-3421.02,87.65,-3508.67,-10.28,Price Stop (candle low),bull,1,42.6,37.6,77.1,69.2,RELIANCE
GFS Basic,2019-05-09,2019-05-10,596.17,556.09,52,-2084.49,82.07,-2166.56,-6.99,Price Stop (candle low),bull,1,37.6,36.3,50.1,69.2,RELIANCE
GFS Basic,2019-12-26,2019-12-31,703.61,676.98,41,-1092.1,78.31,-1170.42,-4.06,Price Stop (candle low),bull,5,41.8,40.1,83.8,71.3,RELIANCE
GFS Basic,2019-12-31,2020-01-01,692.69,674.99,40,-708.22,76.18,-784.4,-2.83,Price Stop (candle low),bull,1,40.1,39.3,83.8,71.3,RELIANCE
GFS Basic,2020-01-01,2020-01-06,690.92,671.36,39,-762.82,74.43,-837.25,-3.11,Price Stop (candle low),bull,5,39.3,38.0,80.3,71.3,RELIANCE
GFS Basic,2020-01-06,2020-01-08,690.01,676.57,38,-510.45,73.07,-583.53,-2.23,Price Stop (candle low),bull,2,38.0,39.2,80.3,71.3,RELIANCE
GFS Basic,2020-01-08,2020-01-27,686.81,673.62,37,-487.8,71.3,-559.1,-2.2,Price Stop (candle low),bull,19,39.2,45.6,64.2,71.3,RELIANCE
GFS Basic,2020-01-28,2020-01-29,682.31,661.68,37,-763.09,70.65,-833.74,-3.3,Price Stop (candle low),bull,1,40.9,33.1,64.2,71.3,RELIANCE
GFS Basic,2020-08-17,2020-08-21,978.54,943.5,25,-875.91,68.79,-944.7,-3.86,Price Stop (candle low),bull,4,40.7,60.2,81.2,69.6,RELIANCE
GFS Basic,2020-08-24,2020-09-10,962.66,1048.72,24,2065.27,68.82,1996.45,8.64,RSI Target 70,bull,17,38.1,73.9,80.4,72.6,RELIANCE
GFS Basic,2020-09-30,2020-10-05,1027.08,1002.58,25,-612.56,71.76,-684.32,-2.67,Price Stop (candle low),bull,5,37.4,35.7,72.5,77.9,RELIANCE
GFS Basic,2020-10-05,2020-10-06,1026.99,1001.74,24,-606.0,69.48,-675.48,-2.74,Price Stop (candle low),bull,1,35.7,32.0,72.5,77.9,RELIANCE
GFS Basic,2020-10-07,2020-10-16,1013.43,986.08,24,-656.26,68.71,-724.97,-2.98,Price Stop (candle low),bull,9,40.2,45.9,64.7,77.9,RELIANCE
GFS Basic,2020-10-19,2020-10-20,1012.79,977.06,23,-821.74,66.25,-887.99,-3.81,Price Stop (candle low),bull,1,43.3,34.8,64.7,77.9,RELIANCE
GFS Basic,2021-07-27,2021-07-28,965.56,926.56,23,-897.18,63.76,-960.94,-4.33,Price Stop (candle low),bull,1,35.5,35.1,62.3,68.3,RELIANCE
GFS Basic,2021-07-28,2021-07-30,948.58,925.62,23,-528.07,63.27,-591.34,-2.71,Price Stop (candle low),bull,2,35.1,42.5,58.9,68.3,RELIANCE
GFS Basic,2021-11-01,2021-11-03,1181.87,1129.5,18,-942.61,61.64,-1004.25,-4.72,Price Stop (candle low),bull,2,35.8,24.6,72.2,63.1,RELIANCE
GFS Basic,2021-11-11,2021-11-17,1164.5,1120.59,17,-746.53,58.56,-805.09,-4.07,Price Stop (candle low),bull,6,40.0,28.8,75.8,63.1,RELIANCE
GFS Basic,2021-11-26,2021-12-06,1139.01,1074.47,17,-1097.1,57.23,-1154.33,-5.96,Trailing Stop 5%,bull,10,43.1,36.1,58.8,55.1,RELIANCE
GFS Basic,2022-05-10,2022-05-11,1182.3,1113.9,15,-1025.98,53.68,-1079.67,-6.09,Price Stop (candle low),bull,1,38.1,29.2,62.7,73.4,RELIANCE
GFS Basic,2024-03-13,2024-03-14,1477.81,1420.25,11,-633.15,50.81,-683.95,-4.21,Price Stop (candle low),bull,1,41.7,37.5,90.6,69.3,RELIANCE
GFS Basic,2024-03-14,2024-03-15,1472.94,1407.1,11,-724.22,50.59,-774.81,-4.78,Price Stop (candle low),bull,1,37.5,31.4,75.3,69.3,RELIANCE
GFS Basic,2024-03-18,2024-05-07,1423.41,1390.48,11,-362.16,49.76,-411.92,-2.63,Price Stop (candle low),bull,50,39.0,28.1,61.4,78.9,RELIANCE
GFS Basic,2024-05-08,2024-05-10,1411.02,1396.39,11,-160.94,49.66,-210.6,-1.36,Weekly RSI < 50,bull,2,35.3,33.6,41.0,78.9,RELIANCE
GFS Basic,2026-01-06,2026-01-07,1612.61,1503.45,9,-982.42,46.57,-1029.0,-7.09,Price Stop (candle low),bull,1,41.7,40.4,83.0,63.8,RELIANCE
GFS Basic,2026-01-07,2026-01-08,1569.78,1469.86,9,-899.28,45.8,-945.08,-6.69,Price Stop (candle low),bull,1,40.4,34.8,83.0,63.8,RELIANCE
GFS Advanced,2006-12-13,2007-01-12,125.37,133.26,757,5967.4,232.41,5734.99,6.04,RSI Target 70,bull,30,42.2,73.6,82.5,87.0,RELIANCE
GFS Advanced,2007-02-28,2007-03-02,140.92,130.94,712,-7105.46,230.93,-7336.38,-7.31,Price < 50 EMA,bull,2,38.4,34.4,58.7,86.1,RELIANCE
GFS Advanced,2007-06-12,2007-06-22,180.88,171.17,516,-5009.03,217.54,-5226.57,-5.6,Trailing Stop 5%,bull,10,37.4,43.7,82.4,88.4,RELIANCE
GFS Advanced,2007-06-25,2007-06-28,174.34,169.85,507,-2276.87,209.4,-2486.26,-2.81,Price Stop (candle low),bull,3,43.9,57.8,82.4,88.4,RELIANCE
GFS Advanced,2007-12-19,2008-01-08,281.37,306.64,306,7733.21,214.67,7518.53,8.73,RSI Target 70,bull,20,41.9,76.8,74.8,96.0,RELIANCE
GFS Advanced,2013-02-20,2013-02-21,179.1,179.8,520,363.95,222.67,141.29,0.15,Price < 50 EMA,bull,1,44.9,36.1,60.0,60.2,RELIANCE
GFS Advanced,2017-12-18,2017-12-21,412.32,403.08,226,-2088.76,220.24,-2309.0,-2.48,Price Stop (candle low),bull,3,39.2,51.7,61.9,79.1,RELIANCE
GFS Advanced,2020-01-03,2020-01-06,689.69,671.36,132,-2419.39,215.13,-2634.52,-2.89,Price Stop (candle low),bull,3,41.0,38.0,80.3,71.3,RELIANCE
GFS Advanced,2021-11-01,2021-11-03,1181.87,1129.5,75,-3927.55,208.24,-4135.79,-4.67,Price Stop (candle low),bull,2,35.8,24.6,72.2,63.1,RELIANCE
GFS Advanced,2024-03-22,2024-03-26,1447.91,1430.27,58,-1023.36,200.89,-1224.25,-1.46,Price Stop (candle low),bull,4,40.4,32.8,76.3,69.3,RELIANCE
