date,code,qty,avg,fill,sell_value,charges,growth,pnl_pct,ticket_after
2020-01-16,NSE:MIDSELIETF,933,6.43,6.8491,6390.21,21.96,369.06,0.0652,6007.38
2020-01-24,NSE:HNGSNGBEES,16,359.27,390.3592,6245.75,21.81,475.62,0.0865,6016.89
2020-05-20,NSE:MON100,91,65.382,69.958,6366.18,21.94,394.48,0.07,6024.78
2020-06-10,NSE:MON100,86,69.84,74.3706,6395.87,21.97,367.66,0.0649,6032.14
2020-07-10,NSE:MON100,81,73.969,79.1128,6408.14,21.98,394.67,0.0695,6040.03
2020-08-26,NSE:MON100,75,80.398,86.2277,6467.08,22.04,415.19,0.0725,6048.33
2020-08-27,NSE:CONSUMBEES,115,52.12,55.944,6433.56,22.01,417.75,0.0734,6056.69
2020-10-12,NSE:NV20IETF,1041,5.76,6.1299,6381.23,21.95,363.12,0.0642,6063.95
2020-10-13,NSE:LOWVOLIETF,637,9.414,10.033,6391.02,21.96,372.34,0.0658,6071.4
2020-11-12,NSE:HDFCSENSEX,139,43.1,45.8341,6370.94,21.94,358.1,0.0634,6078.56
2020-11-18,NSE:NIFTYBEES,46,129.42,137.7621,6337.06,21.91,361.83,0.0645,6085.8
2020-11-23,NSE:ALPL30IETF,506,11.95,12.8352,6494.61,22.07,425.84,0.0741,6094.31
2020-11-24,NSE:LOWVOLIETF,610,9.938,10.6393,6489.97,22.06,405.73,0.0706,6102.43
2020-11-27,NSE:MIDSELIETF,873,6.876,7.3596,6424.93,22.0,400.18,0.0703,6110.43
2020-12-01,NSE:MOM100,314,19.08,20.8691,6552.9,22.13,539.65,0.0938,6121.22
2020-12-02,NSE:NV20IETF,982,6.169,6.6244,6505.16,22.08,425.12,0.0738,6129.73
2020-12-04,NSE:CONSUMBEES,109,55.55,59.8001,6518.21,22.09,441.17,0.0765,6138.55
2020-12-08,NSE:HDFCSENSEX,133,45.6446,48.767,6486.01,22.06,393.22,0.0684,6146.41
2020-12-15,NSE:CONSUMBEES,101,60.38,66.3036,6696.66,22.28,576.0,0.0981,6157.93
2020-12-16,NSE:NIFTYBEES,44,136.25,145.6742,6409.66,21.98,392.68,0.0692,6165.79
2020-12-18,NSE:LOWVOLIETF,578,10.551,11.2647,6511.0,22.09,390.43,0.0676,6173.6
2020-12-24,NSE:NV20IETF,922,6.644,7.0759,6523.98,22.1,376.11,0.065,6181.12
2020-12-28,NSE:ALPL30IETF,471,12.917,13.7782,6489.53,22.06,383.57,0.0667,6188.79
2020-12-29,NSE:MON100,69,87.493,93.3306,6439.81,22.01,380.78,0.0667,6196.41
2021-01-04,NSE:MOM100,292,20.94,22.4575,6557.59,22.13,420.98,0.0725,6204.83
2021-01-05,NSE:MIDSELIETF,820,7.446,8.1558,6687.76,22.27,559.77,0.0953,6216.02
2021-01-08,NSE:LOWVOLIETF,564,10.941,11.7383,6620.4,22.2,427.48,0.0729,6224.57
2021-01-11,NSE:HDFCSENSEX,125,49.0,52.1397,6517.46,22.09,370.37,0.0641,6231.98
2021-01-12,NSE:NV20IETF,864,7.148,7.5934,6560.7,22.14,362.69,0.0623,6239.23
2021-01-19,NSE:CONSUMBEES,97,63.43,67.5724,6554.52,22.13,379.68,0.0653,6246.83
2021-01-20,NSE:NIFTYBEES,42,146.56,156.5933,6576.92,22.15,399.25,0.0685,6254.81
2021-01-25,NSE:HDFCSENSEX,119,52.2075,56.0784,6673.33,22.25,438.39,0.0741,6263.58
2021-02-03,NSE:PVTBANIETF,344,17.398,18.5774,6390.63,21.96,383.75,0.0678,6271.25
2021-02-04,NSE:BANKBEES,18,331.93,353.8558,6369.4,21.94,372.72,0.0661,6278.71
2021-02-08,NSE:HDFCSENSEX,123,50.725,54.3122,6680.4,22.26,418.97,0.0707,6287.09
2021-02-10,NSE:MON100,66,92.78,98.7192,6515.47,22.09,369.9,0.064,6294.48
2021-02-11,NSE:MIDSELIETF,758,8.194,8.7153,6606.2,22.18,372.97,0.0636,6301.94
2021-02-12,NSE:MOM100,275,22.49,23.8961,6571.43,22.15,364.53,0.0625,6309.23
2021-02-17,NSE:ICICIB22,173,34.64,37.0329,6406.69,21.98,391.99,0.0691,6317.07
2021-03-03,NSE:MOM100,262,24.07,25.8341,6768.53,22.35,439.84,0.0733,6325.87
2021-04-08,NSE:ALPL30IETF,450,13.737,14.6553,6594.89,22.17,391.06,0.0668,6333.69
2021-04-09,NSE:NV20IETF,816,7.638,8.1379,6640.53,22.22,385.7,0.0654,6341.41
2021-05-12,NSE:CPSEETF,251,23.82,25.4745,6394.1,21.96,393.32,0.0695,6349.27
2021-05-31,NSE:NIFTYBEES,40,156.02,166.6232,6664.93,22.25,401.88,0.068,6357.31
2021-06-01,NSE:LOWVOLIETF,522,11.922,12.6733,6615.46,22.19,369.99,0.063,6364.71
2021-06-03,NSE:MOM100,243,25.97,27.7123,6734.09,22.32,401.06,0.0671,6372.73
2021-06-07,NSE:ICICIB22,166,37.9,40.3796,6703.01,22.28,389.33,0.0654,6380.52
2021-06-08,NSE:MIDSELIETF,720,8.743,9.2967,6693.62,22.27,376.39,0.0633,6388.05
2021-06-10,NSE:NV20IETF,805,7.869,8.3796,6745.58,22.33,388.7,0.0649,6395.82
2021-06-11,NSE:CPSEETF,254,24.91,26.7832,6802.93,22.39,453.4,0.0752,6404.89
2021-06-15,NSE:ALPL30IETF,427,14.823,15.8881,6784.22,22.37,432.43,0.0719,6413.54
2021-06-24,NSE:MAFANG,130,49.09,52.2477,6792.2,22.38,388.12,0.0643,6421.3
2021-06-25,NSE:MON100,63,98.567,105.2347,6629.79,22.21,397.86,0.0676,6429.26
2021-07-26,NSE:CONSUMBEES,94,66.29,70.979,6672.03,22.25,418.52,0.0707,6437.63
2021-08-02,NSE:MOM100,230,27.7,29.6703,6824.17,22.41,430.76,0.0711,6446.24
2021-08-05,NSE:HDFCSENSEX,115,54.2729,57.96,6665.4,22.25,401.77,0.0679,6454.28
2021-08-13,NSE:NV20IETF,757,8.438,9.036,6840.25,22.43,430.26,0.0709,6462.88
2021-08-16,NSE:NIFTYBEES,38,166.88,178.4214,6780.01,22.36,416.21,0.0692,6471.21
2021-08-17,NSE:LOWVOLIETF,503,12.629,13.4955,6788.24,22.37,413.48,0.0686,6479.48
2021-08-18,NSE:MIDSELIETF,690,9.252,9.8302,6782.84,22.37,376.59,0.0625,6487.01
2021-08-20,NSE:ALPL30IETF,404,15.839,16.996,6866.38,22.45,444.98,0.073,6495.91
2021-08-24,NSE:MON100,60,105.41,112.3675,6742.05,22.33,395.12,0.066,6503.81
2021-09-01,NSE:CONSUMBEES,92,69.78,75.0549,6905.05,22.49,462.8,0.0756,6513.07
2021-09-02,NSE:HDFCSENSEX,111,58.013,61.6603,6844.29,22.43,382.42,0.0629,6520.71
2021-09-03,NSE:MIDSELIETF,668,9.699,10.3217,6894.9,22.48,393.48,0.0642,6528.58
2021-09-13,NSE:ALPL30IETF,381,17.038,18.4276,7020.92,22.61,506.83,0.0816,6538.72
2021-09-15,NSE:ICICIB22,158,40.35,43.5364,6878.75,22.47,480.98,0.079,6548.34
2021-09-16,NSE:LOWVOLIETF,479,13.517,14.4296,6911.78,22.5,414.64,0.0675,6556.63
2021-09-21,NSE:NV20IETF,715,9.034,9.6653,6910.69,22.5,428.88,0.0699,6565.21
2021-09-23,NSE:NIFTYBEES,36,178.91,192.0977,6915.52,22.5,452.26,0.0737,6574.26
2021-09-27,NSE:BANKBEES,17,357.81,383.4462,6518.59,22.09,413.73,0.0716,6582.53
2021-09-28,NSE:CPSEETF,238,26.8,29.3706,6990.2,22.58,589.22,0.0959,6594.31
2021-10-12,NSE:ICICIB22,148,44.15,46.923,6944.6,22.53,387.87,0.0628,6602.07
2021-10-13,NSE:MIDSELIETF,632,10.327,11.0709,6996.81,22.59,447.56,0.072,6611.02
2021-10-14,NSE:CONSUMBEES,85,75.79,81.5983,6935.86,22.53,471.18,0.0766,6620.45
2021-10-18,NSE:MOM100,217,29.58,34.8451,7561.39,23.17,1119.36,0.178,6642.83
2021-10-19,NSE:PVTBANIETF,333,18.821,20.2807,6753.47,22.34,463.74,0.0776,6652.11
2021-10-20,NSE:PSUBNKBEES,215,27.82,30.0699,6465.03,22.04,461.69,0.0809,6661.34
2021-10-22,NSE:HDFCSENSEX,105,61.731,65.909,6920.45,22.51,416.18,0.0677,6669.67
2021-10-25,NSE:BANKBEES,17,382.85,414.2154,7041.66,22.64,510.57,0.0819,6679.88
2021-10-26,NSE:MAFANG,120,53.49,57.6423,6917.08,22.51,475.77,0.0776,6689.39
2021-11-08,NSE:PSUBNKBEES,215,30.93,32.977,7090.05,22.69,417.41,0.0662,6697.74
2021-11-22,NSE:MON100,57,113.02,121.1687,6906.62,22.5,441.98,0.0721,6706.58
2021-12-13,NSE:MASPTOP50,229,28.99,31.1688,7137.66,22.73,476.22,0.0752,6716.11
2022-01-12,NSE:MAHKTECH,390,17.19,19.3007,7527.27,23.14,800.03,0.1228,6732.11
2022-01-31,NSE:CPSEETF,214,30.71,32.6773,6992.94,22.59,398.41,0.0641,6740.07
2022-04-01,NSE:ALPHA,199,33.76,35.9041,7144.92,22.74,403.94,0.0635,6748.15
2022-04-04,NSE:MIDCAP,86,78.15,84.1658,7238.26,22.84,494.52,0.077,6758.04
2022-04-05,NSE:CPSEETF,206,32.65,35.4945,7311.87,22.92,563.05,0.0871,6769.3
2022-04-06,NSE:ICICIB22,138,47.63,51.1388,7057.15,22.65,461.56,0.0737,6778.54
2022-07-21,NSE:FMCGIETF,161,40.419,43.0319,6928.14,22.52,398.16,0.0646,6786.5
2022-08-30,NSE:CONSUMBEES,81,81.42,86.7831,7029.43,22.62,411.79,0.0659,6794.73
2022-09-09,NSE:ICICIB22,132,51.0,54.1957,7153.83,22.75,399.08,0.0627,6802.72
2022-09-14,NSE:PSUBNKBEES,202,33.14,35.7442,7220.33,22.82,503.23,0.0786,6812.78
2022-09-15,NSE:MIDCAP,80,84.13,89.6503,7172.02,22.77,418.85,0.0656,6821.16
2022-10-24,NSE:MOVALUE,170,39.98,42.8071,7277.21,22.88,457.73,0.0707,6830.31
2022-10-27,NSE:PSUBNKBEES,189,35.88,38.2217,7223.9,22.82,419.76,0.0653,6838.71
2022-11-01,NSE:CPSEETF,187,36.14,38.7412,7244.6,22.85,463.57,0.072,6847.98
2022-11-07,NSE:PSUBNKBEES,179,38.11,40.949,7329.87,22.93,485.25,0.0745,6857.68
2022-11-09,NSE:MOVALUE,157,43.24,46.0039,7222.61,22.82,411.11,0.0639,6865.91
2022-11-24,NSE:PVTBANIETF,328,20.249,21.5854,7080.01,22.68,415.66,0.066,6874.22
2022-11-30,NSE:FMCGIETF,156,43.29,46.3326,7227.89,22.83,451.82,0.0703,6883.26
2022-12-01,NSE:MOVALUE,152,45.15,48.6913,7401.08,23.01,515.27,0.0784,6893.56
2022-12-02,NSE:PSUBNKBEES,161,42.47,45.5044,7326.21,22.93,465.61,0.0714,6902.87
2022-12-08,NSE:BANKBEES,16,413.72,440.0595,7040.95,22.63,398.8,0.0637,6910.85
2022-12-12,NSE:ICICIB22,124,54.5,58.0719,7200.92,22.8,420.12,0.0655,6919.25
2022-12-13,NSE:PSUBNKBEES,149,46.09,50.0399,7455.95,23.06,565.48,0.0857,6930.56
2023-02-02,NSE:NV20IETF,674,9.729,10.3576,6981.02,22.57,401.11,0.0646,6938.58
2023-04-17,NSE:CPSEETF,177,38.66,41.2387,7299.25,22.9,433.53,0.0667,6947.25
2023-04-28,NSE:ICICIB22,118,58.47,62.2976,7351.12,22.96,428.7,0.0655,6955.83
2023-05-02,NSE:HDFCSML250,78,88.7,94.8351,7397.14,23.0,455.54,0.0692,6964.94
2023-05-03,NSE:FMCGIETF,148,46.271,49.3916,7309.96,22.91,438.94,0.0674,6973.72
2023-05-04,NSE:MOVALUE,139,49.41,53.8461,7484.61,23.09,593.53,0.0898,6985.59
2023-05-10,NSE:MIDCAP,78,86.99,92.7671,7235.83,22.84,427.77,0.0664,6994.14
2023-06-02,NSE:FMCGIETF,141,49.436,52.8071,7445.8,23.05,452.27,0.0682,7003.19
2023-06-06,NSE:HDFCSML250,73,95.08,101.2786,7393.34,23.0,429.5,0.0652,7011.78
2023-06-07,NSE:NIFTYBEES,34,192.63,205.1347,6974.58,22.57,402.59,0.0649,7019.83
2023-06-08,NSE:HDFCSENSEX,101,65.504,71.5124,7222.75,22.82,584.03,0.0917,7031.51
2023-06-12,NSE:MAFANG,116,57.32,61.3186,7112.96,22.71,441.13,0.0698,7040.33
2023-06-13,NSE:MOM100,192,34.5,36.7432,7054.69,22.65,408.04,0.065,7048.5
2023-06-15,NSE:LOWVOLIETF,455,14.409,15.3526,6985.43,22.58,406.76,0.0655,7056.63
2023-06-16,NSE:MIDCAP,75,93.16,99.5104,7463.28,23.07,453.21,0.0682,7065.69
2023-06-21,NSE:CPSEETF,168,41.17,43.996,7391.33,23.0,451.77,0.0686,7074.73
2023-06-30,NSE:ALPL30IETF,359,18.169,19.3646,6951.89,22.54,406.68,0.0658,7082.86
2023-07-03,NSE:MOVALUE,136,51.26,54.7552,7446.71,23.06,452.29,0.0682,7091.91
2023-07-04,NSE:ICICIB22,110,62.89,67.2127,7393.4,23.0,452.5,0.0687,7100.96
2023-07-14,NSE:NV20IETF,664,10.445,11.1538,7406.12,23.01,447.63,0.0679,7109.91
2023-07-17,NSE:HDFCSML250,68,102.92,110.5793,7519.39,23.13,497.7,0.0744,7119.87
2023-07-18,NSE:HDFCSENSEX,102,68.705,73.2956,7476.15,23.09,445.15,0.0668,7128.77
2023-07-19,NSE:MAFANG,112,62.33,67.5324,7563.63,23.18,559.49,0.0835,7139.96
2023-07-20,NSE:PVTBANIETF,316,21.698,23.4246,7402.17,23.01,522.6,0.0796,7150.41
2023-07-21,NSE:HEALTHY,775,8.65,9.2807,7192.54,22.79,466.0,0.0729,7159.73
2023-07-24,NSE:MIDCAP,70,99.53,105.874,7411.18,23.02,421.06,0.0637,7168.15
2023-07-26,NSE:MOM100,190,36.99,39.3506,7476.61,23.09,425.42,0.0638,7176.66
2023-07-28,NSE:CPSEETF,162,43.66,46.5034,7533.55,23.15,437.48,0.0651,7185.41
2023-07-31,NSE:MOVALUE,129,54.63,58.8111,7586.63,23.2,516.16,0.0765,7195.73
2023-08-01,NSE:MASPTOP50,216,30.96,32.937,7114.39,22.71,404.32,0.0639,7203.82
2023-08-07,NSE:PHARMABEES,441,14.61,15.7143,6930.01,22.52,464.48,0.0756,7213.11
2023-08-23,NSE:MIDCAP,67,105.74,112.4275,7532.64,23.14,424.92,0.0632,7221.61
2023-08-29,NSE:HDFCSML250,64,109.91,117.3026,7507.37,23.12,450.01,0.0673,7230.61
2023-08-30,NSE:MIDSELIETF,597,11.068,11.8611,7081.08,22.68,450.8,0.0717,7239.62
2023-09-04,NSE:MOM100,181,39.53,42.4575,7684.81,23.3,506.58,0.0741,7249.76
2023-09-05,NSE:TNIDETF,110,61.39,66.1138,7272.52,22.87,496.75,0.0769,7259.69
2023-09-06,NSE:ICICIB22,104,67.67,72.4575,7535.58,23.15,474.75,0.0707,7269.19
2023-09-07,NSE:CPSEETF,150,47.71,51.4785,7721.77,23.34,541.94,0.079,7280.02
2023-09-08,NSE:MOVALUE,120,59.6,63.7162,7645.94,23.26,470.68,0.0691,7289.44
2023-09-11,NSE:CONSUMBEES,78,86.77,93.5064,7293.5,22.9,502.54,0.0776,7299.49
2023-09-12,NSE:NIFTYBEES,34,204.51,219.9698,7478.97,23.09,502.54,0.0756,7309.54
2023-09-13,NSE:PSUBNKBEES,137,50.35,54.7752,7504.2,23.11,583.14,0.0879,7321.2
2023-09-14,NSE:LOWVOLIETF,457,15.409,16.5225,7550.78,23.16,485.71,0.0723,7330.92
2023-09-15,NSE:BANKBEES,15,440.98,470.2693,7054.04,22.65,416.69,0.0664,7339.25
2023-10-03,NSE:PSUBNKBEES,130,55.91,59.7402,7766.23,23.39,474.54,0.0685,7348.74
2023-10-17,NSE:CPSEETF,143,50.87,54.5254,7797.13,23.42,499.3,0.0719,7358.73
2023-11-08,NSE:ALPL30IETF,363,19.482,20.8142,7555.55,23.17,460.42,0.0684,7367.94
2023-11-13,NSE:HDFCSML250,60,118.57,126.0239,7561.43,23.17,424.06,0.0629,7376.42
2023-11-15,NSE:MON100,56,119.46,127.7221,7152.44,22.75,439.93,0.0692,7385.22
2023-11-16,NSE:HEALTHY,765,9.35,10.02,7665.3,23.28,489.27,0.0717,7395.0
2023-11-17,NSE:MIDCAP,64,112.72,120.3196,7700.45,23.32,463.05,0.0674,7404.26
2023-11-20,NSE:MIDSELIETF,608,11.9,12.6963,7719.35,23.34,460.81,0.0669,7413.48
2023-11-28,NSE:CPSEETF,135,54.13,57.6323,7780.36,23.4,449.41,0.0647,7422.47
2023-11-29,NSE:MOVALUE,112,65.03,69.4605,7779.58,23.4,472.82,0.0681,7431.92
2023-11-30,NSE:ICICIB22,97,74.72,79.89,7749.33,23.37,478.12,0.0692,7441.48
2023-12-01,NSE:MONIFTY500,435,16.89,18.1918,7913.43,23.54,542.74,0.0771,7452.34
2023-12-04,NSE:MOM100,168,42.9,47.1029,7913.29,23.54,682.55,0.098,7465.99
2023-12-05,NSE:ALPL30IETF,352,20.884,22.7852,8020.39,23.65,645.57,0.091,7478.9
2023-12-06,NSE:NV20IETF,634,11.199,12.1808,7722.63,23.34,599.12,0.0877,7490.88
2023-12-07,NSE:ALPHA,186,36.17,39.3306,7315.49,22.92,564.95,0.0874,7502.18
2023-12-08,NSE:CONSUMBEES,78,93.25,100.6992,7854.54,23.48,557.56,0.0799,7513.33
2023-12-11,NSE:CPSEETF,128,57.81,62.6073,8013.73,23.64,590.41,0.083,7525.14
2023-12-12,NSE:MAKEINDIA,74,98.87,106.2536,7862.77,23.49,522.9,0.0747,7535.6
2023-12-13,NSE:MOVALUE,106,69.93,75.6842,8022.53,23.65,586.3,0.0823,7547.33
2023-12-14,NSE:TNIDETF,109,66.41,72.917,7947.95,23.57,685.69,0.098,7561.04
2023-12-15,NSE:PSUBNKBEES,126,58.17,64.0759,8073.56,23.7,720.44,0.1015,7575.45
2023-12-18,NSE:QUAL30IETF,442,16.423,18.006,7958.65,23.59,676.1,0.0964,7588.97
2023-12-19,NSE:LOWVOLIETF,441,16.594,18.1428,8000.97,23.63,659.39,0.0933,7602.16
2023-12-20,NSE:FMCGIETF,133,52.64,56.3756,7497.95,23.11,473.72,0.071,7611.63
2023-12-21,NSE:BFSI,364,20.11,21.6483,7879.98,23.5,536.44,0.0765,7622.36
2023-12-22,NSE:ICICIB22,90,81.78,88.5014,7965.13,23.59,581.34,0.0822,7633.99
2023-12-26,NSE:MIDSELIETF,582,12.732,13.7972,8029.97,23.66,596.29,0.0837,7645.91
2023-12-27,NSE:NIFTYBEES,33,219.6,238.6711,7876.15,23.5,605.85,0.0868,7658.03
2023-12-28,NSE:MIDCAP,61,120.66,132.2876,8069.54,23.7,685.58,0.0964,7671.74
2023-12-29,NSE:HDFCSML250,57,129.13,140.4294,8004.48,23.63,620.44,0.0875,7684.15
2024-01-01,NSE:PHARMABEES,455,15.83,17.1229,7790.92,23.41,564.86,0.0817,7695.45
2024-01-02,NSE:CPSEETF,121,62.04,67.1827,8129.11,23.76,598.51,0.0829,7707.42
2024-01-03,NSE:HEALTHY,728,10.15,11.0789,8065.44,23.7,652.54,0.0915,7720.47
2024-01-04,NSE:HDFCSENSEX,97,73.43,79.0429,7667.16,23.28,521.17,0.0764,7730.89
2024-01-05,NSE:MOM100,157,47.28,50.4595,7922.14,23.55,475.63,0.0672,7740.41
2024-01-09,NSE:MASPTOP50,219,32.81,34.985,7661.72,23.28,453.04,0.0663,7749.47
2024-01-11,NSE:MON100,57,127.62,136.0938,7757.35,23.38,459.63,0.0664,7758.66
2024-01-12,NSE:ALPHA,190,39.38,42.1278,8004.28,23.63,498.45,0.0698,7768.63
2024-01-15,NSE:NV20IETF,615,12.179,13.1578,8092.05,23.72,578.24,0.0804,7780.19
2024-01-16,NSE:MOVALUE,98,76.5,83.4864,8181.67,23.82,660.85,0.0913,7793.41
2024-01-19,NSE:ALPL30IETF,327,22.855,24.5624,8031.9,23.66,534.66,0.0747,7804.1
2024-01-23,NSE:MAFANG,105,67.47,73.8261,7751.74,23.37,644.02,0.0942,7816.98
2024-01-25,NSE:CPSEETF,114,67.06,71.3386,8132.6,23.77,463.99,0.0638,7826.26
2024-01-29,NSE:ICICIB22,85,89.71,96.4135,8195.15,23.83,545.97,0.0747,7837.18
2024-01-30,NSE:PSUBNKBEES,118,63.78,68.0119,8025.4,23.65,475.71,0.0664,7846.7
2024-01-31,NSE:ALPHA,184,42.17,45.2547,8326.86,23.97,543.62,0.0731,7857.57
2024-02-01,NSE:HDFCSML250,54,141.97,151.6682,8190.08,23.83,499.87,0.0683,7867.57
2024-02-02,NSE:MOVALUE,95,81.56,90.2197,8570.87,24.22,798.45,0.1062,7883.54
2024-02-05,NSE:MAKEINDIA,70,106.91,115.1447,8060.13,23.69,552.74,0.077,7894.59
2024-02-06,NSE:MONIFTY500,401,18.55,19.9301,7991.97,23.62,529.8,0.0744,7905.19
2024-02-07,NSE:PSUBNKBEES,112,69.6,74.915,8390.48,24.03,571.25,0.0764,7916.61
2024-02-08,NSE:CPSEETF,105,74.32,80.1198,8412.58,24.06,584.92,0.078,7928.31
2024-02-09,NSE:HEALTHY,692,11.15,12.1279,8392.51,24.04,652.67,0.0877,7941.36
2024-02-12,NSE:MAFANG,104,75.04,81.2187,8446.74,24.09,618.49,0.0823,7953.73
2024-02-13,NSE:PHARMABEES,438,17.55,19.0609,8348.67,23.99,637.78,0.0861,7966.49
2024-02-14,NSE:LOWVOLIETF,423,17.948,19.3676,8192.49,23.83,576.66,0.0791,7978.02
2024-02-15,NSE:MASPTOP50,220,35.14,37.9121,8340.66,23.98,585.88,0.0789,7989.74
2024-02-16,NSE:MIDSELIETF,553,13.804,15.03,8311.59,23.95,654.03,0.0888,8002.82
2024-02-19,NSE:ALPL30IETF,322,24.232,26.3926,8498.42,24.14,671.57,0.0892,8016.25
2024-02-20,NSE:CONSUMBEES,74,100.8,108.2616,8011.36,23.64,528.52,0.074,8026.82
2024-02-21,NSE:NEXT50IETF,136,56.7,60.4994,8227.92,23.86,492.86,0.067,8036.68
2024-02-22,NSE:TNIDETF,101,74.4,79.4804,8027.52,23.66,489.46,0.0683,8046.47
2024-02-23,NSE:MIDCAP,57,133.16,142.4174,8117.79,23.75,503.92,0.0695,8056.55
2024-02-26,NSE:MON100,57,135.74,144.6053,8242.5,23.88,481.44,0.0653,8066.18
2024-03-01,NSE:ICICIB22,81,95.72,102.4774,8300.67,23.94,523.41,0.0706,8076.64
2024-03-05,NSE:CPSEETF,100,78.72,84.5154,8451.54,24.1,555.44,0.0736,8087.75
2024-03-07,NSE:PSUBNKBEES,103,76.42,81.3386,8377.88,24.02,482.6,0.0644,8097.41
2024-03-27,NSE:MAFANG,98,80.81,86.1238,8440.13,24.08,496.67,0.0658,8107.34
2024-04-01,NSE:MAKEINDIA,67,116.86,124.835,8363.94,24.01,510.31,0.0682,8117.55
2024-04-03,NSE:MASPTOP50,209,38.14,41.0189,8572.95,24.22,577.47,0.0755,8129.09
2024-04-05,NSE:MAFANG,92,87.56,95.4245,8779.05,24.44,699.09,0.0898,8143.08
2024-04-08,NSE:NEXT50IETF,131,61.03,65.3446,8560.14,24.21,541.0,0.0707,8153.9
2024-04-09,NSE:MASPTOP50,193,42.07,46.5534,8984.81,24.65,840.65,0.1066,8170.71
2024-04-10,NSE:MOM100,154,50.02,53.6463,8261.53,23.9,534.55,0.0725,8181.4
2024-04-12,NSE:BSE500IETF,237,32.64,34.8251,8253.55,23.89,493.98,0.0669,8191.28
2024-04-29,NSE:BANKBEES,15,468.59,502.2772,7534.16,23.15,482.16,0.0719,8200.92
2024-04-30,NSE:ALPHA,173,45.29,48.5414,8397.66,24.04,538.45,0.0718,8211.69
2024-05-02,NSE:MOVALUE,84,93.81,101.7182,8544.33,24.19,640.1,0.0843,8224.49
2024-05-06,NSE:QUAL30IETF,418,18.12,20.4325,8540.78,24.19,942.43,0.1276,8243.34
2024-05-16,NSE:MAKEINDIA,64,126.47,134.9349,8635.83,24.29,517.46,0.0669,8253.69
2024-05-17,NSE:CONSUMBEES,74,108.41,116.2536,8602.77,24.25,556.18,0.0724,8264.82
2024-05-21,NSE:CPSEETF,96,83.97,92.5773,8887.42,24.55,801.75,0.1025,8280.85
2024-05-22,NSE:MOREALTY,87,93.59,101.7881,8855.56,24.51,688.73,0.0876,8294.62
2024-05-23,NSE:NEXT50IETF,125,65.22,71.2487,8906.09,24.57,729.02,0.0924,8309.21
2024-05-24,NSE:MIDSELIETF,530,15.075,16.1938,8582.71,24.23,568.73,0.0742,8320.58
2024-05-27,NSE:MONIFTY500,393,20.1,21.6783,8519.57,24.17,596.1,0.0785,8332.5
2024-05-28,NSE:MONQ50,114,58.86,63.2267,7207.84,22.81,474.99,0.0742,8342.0
2024-06-03,NSE:PSUBNKBEES,100,80.23,89.6203,8962.03,24.63,914.4,0.117,8360.29
2024-06-04,NSE:HDFCSENSEX,97,79.302,86.3236,8373.39,24.02,657.08,0.0885,8373.43
2024-06-05,NSE:FMCGIETF,134,56.689,60.3896,8092.21,23.72,472.16,0.0653,8382.87
2024-06-06,NSE:QUAL30IETF,434,18.968,20.1798,8758.03,24.41,501.51,0.0639,8392.9
2024-06-07,NSE:NV20IETF,594,13.08,14.1558,8408.55,24.05,614.98,0.0822,8405.2
2024-06-10,NSE:SMALLCAP,180,45.28,48.7612,8777.02,24.43,602.19,0.0769,8417.25
2024-06-11,NSE:HDFCSML250,51,152.82,164.865,8408.11,24.05,590.24,0.0788,8429.05
2024-06-12,NSE:MOM100,153,53.46,57.8621,8852.9,24.51,649.01,0.0823,8442.03
2024-06-13,NSE:MON100,55,145.19,158.7711,8732.41,24.39,722.57,0.0935,8456.48
2024-06-14,NSE:ALPHA,166,49.18,54.1558,8989.86,24.65,801.33,0.1012,8472.51
2024-06-18,NSE:MOREALTY,80,102.89,115.0848,9206.78,24.88,950.7,0.1185,8491.53
2024-06-19,NSE:BSE500IETF,238,34.32,37.3926,8899.44,24.56,706.72,0.0895,8505.66
2024-06-20,NSE:PVTBANIETF,304,23.457,25.8142,7847.52,23.47,693.12,0.1005,8519.52
2024-06-21,NSE:BFSI,353,21.56,23.4465,8276.61,23.91,642.02,0.0875,8532.36
2024-06-24,NSE:NIFTYBEES,31,240.16,261.3983,8103.35,23.74,634.65,0.0884,8545.06
2024-06-25,NSE:ALPL30IETF,303,26.371,28.4415,8617.77,24.27,603.09,0.0785,8557.12
2024-06-26,NSE:BANKBEES,16,502.38,539.8696,8637.91,24.29,575.54,0.0746,8568.63
2024-06-27,NSE:MAKEINDIA,60,137.2,147.1927,8831.56,24.49,575.07,0.0728,8580.13
2024-06-28,NSE:TNIDETF,100,79.91,85.5144,8551.44,24.2,536.24,0.0701,8590.85
2024-07-01,NSE:LOWVOLIETF,410,19.444,20.8092,8531.77,24.18,535.55,0.0702,8601.57
2024-07-02,NSE:ICICIB22,77,104.26,111.6982,8600.76,24.25,548.49,0.0713,8612.53
2024-07-03,NSE:HDFCSENSEX,101,82.41,88.5614,8944.7,24.61,596.68,0.0746,8624.47
2024-07-04,NSE:PHARMABEES,421,18.92,20.4995,8630.29,24.28,640.69,0.0835,8637.28
2024-07-05,NSE:MONIFTY500,386,21.57,23.5964,9108.21,24.78,757.41,0.0939,8652.43
2024-07-08,NSE:SMALLCAP,171,49.07,53.6463,9173.52,24.84,757.71,0.0933,8667.58
2024-07-09,NSE:MONQ50,131,63.22,70.0998,9183.07,24.85,876.4,0.1088,8685.11
2024-07-10,NSE:HEALTHY,651,12.18,13.3666,8701.66,24.36,748.12,0.0974,8700.08
2024-07-11,NSE:MIDSELIETF,507,16.4,17.8022,9025.72,24.69,686.23,0.0855,8713.8
2024-07-12,NSE:CPSEETF,88,93.57,101.2387,8909.01,24.57,650.28,0.082,8726.81
2024-07-15,NSE:NV20IETF,593,14.16,15.3147,9081.62,24.75,659.99,0.0815,8740.01
2024-07-16,NSE:CONSUMBEES,70,116.67,126.3136,8841.95,24.5,650.55,0.0827,8753.02
2024-07-18,NSE:QUAL30IETF,409,20.5,22.1179,9046.22,24.71,637.01,0.0789,8765.76
2024-07-19,NSE:FMCGIETF,140,59.79,63.8261,8935.65,24.6,540.45,0.0675,8776.57
2024-07-26,NSE:MOVALUE,80,102.15,109.2307,8738.46,24.39,542.07,0.0693,8787.41
2024-07-29,NSE:HDFCSML250,50,166.45,178.7211,8936.06,24.6,588.96,0.0737,8799.19
2024-07-30,NSE:MOM100,144,58.37,62.6473,9021.21,24.69,591.24,0.0733,8811.01
2024-07-31,NSE:NEXT50IETF,115,71.91,77.5724,8920.83,24.58,626.6,0.0787,8823.54
2024-08-01,NSE:ABSLPSE,779,10.87,11.7183,9128.56,24.8,636.03,0.078,8836.26
2024-08-02,NSE:PHARMABEES,414,20.84,22.3177,9239.53,24.91,586.86,0.0709,8848.0
2024-08-07,NSE:HEALTHY,654,13.3,14.1458,9251.35,24.92,528.23,0.0636,8858.57
2024-08-16,NSE:TNIDETF,99,87.63,93.946,9300.65,24.98,600.3,0.0721,8870.57
2024-08-20,NSE:ALPL30IETF,298,28.62,30.5095,9091.83,24.76,538.31,0.066,8881.34
2024-08-21,NSE:LOWVOLIETF,413,20.78,22.1678,9155.3,24.83,548.33,0.0668,8892.3
2024-08-28,NSE:ALPHA,157,53.96,57.7522,9067.1,24.73,570.65,0.0703,8903.72
2024-08-30,NSE:PHARMABEES,402,21.98,23.7163,9533.95,25.22,672.77,0.079,8917.17
2024-09-02,NSE:BSE500IETF,226,37.49,39.96,9030.96,24.7,533.52,0.0659,8927.84
2024-09-05,NSE:CONSUMBEES,69,125.74,133.6462,9221.59,24.89,520.64,0.0629,8938.26
2024-09-16,NSE:QUAL30IETF,392,22.34,23.9261,9379.03,25.06,596.69,0.071,8950.19
2024-09-20,NSE:BFSI,362,23.55,25.3446,9174.75,24.85,624.8,0.0762,8962.69
2024-09-23,NSE:NIFTYBEES,32,266.95,289.0507,9249.62,24.92,682.3,0.0828,8976.33
2024-09-24,NSE:MIDSELIETF,488,17.85,19.1508,9345.59,25.02,609.77,0.0729,8988.53
2024-09-25,NSE:CONSUMBEES,67,133.21,142.3175,9535.27,25.22,584.98,0.0684,9000.23
2024-09-26,NSE:FMCGIETF,137,64.51,69.1208,9469.55,25.15,606.53,0.0715,9012.36
2024-09-27,NSE:MOM30IETF,244,35.88,38.6813,9438.24,25.12,658.4,0.0781,9025.52
2024-09-30,NSE:METALIETF,951,9.39,10.1998,9700.01,25.39,744.73,0.0862,9040.42
2024-10-01,NSE:MAKEINDIA,58,147.8,158.2116,9176.27,24.85,579.02,0.0704,9052.0
2024-10-03,NSE:MAHKTECH,362,18.58,20.4595,7406.34,23.01,657.37,0.1012,9065.15
2024-10-07,NSE:HNGSNGBEES,15,383.0,409.1704,6137.56,21.7,370.86,0.0683,9072.56
2024-11-06,NSE:MON100,53,159.24,171.4084,9084.65,24.75,620.17,0.0764,9084.97
2024-11-08,NSE:MAFANG,83,97.12,104.7951,8697.99,24.35,612.68,0.079,9097.22
2024-11-11,NSE:MASPTOP50,178,45.73,55.0149,9792.65,25.49,1627.22,0.203,9129.77
2024-11-12,NSE:MONQ50,132,66.13,72.1778,9527.47,25.21,773.1,0.0915,9145.23
2024-12-02,NSE:MONQ50,130,70.11,77.942,10132.46,25.84,992.32,0.1117,9165.07
2024-12-04,NSE:MAFANG,80,112.34,121.5084,9720.67,25.41,708.06,0.0816,9179.24
2024-12-05,NSE:MASPTOP50,172,53.04,57.1628,9832.0,25.53,683.59,0.0777,9192.91
2024-12-06,NSE:TNIDETF,93,94.68,101.8381,9470.94,25.15,640.55,0.0756,9205.72
2024-12-09,NSE:VAL30IETF,730,12.5174,13.4299,9803.83,25.5,640.63,0.0729,9218.53
2024-12-10,NSE:MON100,52,172.12,188.3714,9795.31,25.49,819.58,0.0944,9234.92
2024-12-16,NSE:MON100,47,192.46,207.2625,9741.34,25.43,670.29,0.0769,9248.33
2024-12-17,NSE:MAFANG,72,127.41,135.4344,9751.28,25.44,552.32,0.063,9259.37
2024-12-31,NSE:HEALTHY,617,14.35,15.2647,9418.32,25.1,539.27,0.0637,9270.16
2025-01-20,NSE:MONQ50,109,83.81,89.3406,9738.13,25.43,577.41,0.066,9281.71
2025-02-01,NSE:MIDCAP,56,141.97,151.3545,8475.85,24.12,501.41,0.0661,9291.74
2025-02-04,NSE:MAHKTECH,451,20.08,21.3486,9628.22,25.32,546.82,0.0632,9302.67
2025-02-10,NSE:MAHKTECH,439,21.17,22.7372,9981.63,25.68,662.32,0.074,9315.92
2025-02-14,NSE:HNGSNGBEES,24,369.91,414.1854,9940.45,25.64,1036.97,0.1197,9336.66
2025-02-18,NSE:MAHKTECH,402,23.14,24.6054,9891.37,25.59,563.5,0.0633,9347.93
2025-02-19,NSE:MASPTOP50,159,57.73,63.8161,10146.76,25.85,941.84,0.1054,9366.77
2025-03-05,NSE:HNGSNGBEES,22,415.8,442.577,9736.69,25.43,563.66,0.0644,9378.04
2025-03-10,NSE:MAHKTECH,380,24.56,26.1139,9923.28,25.62,564.86,0.0633,9389.34
2025-03-21,NSE:FINIETF,380,24.63,26.5334,10082.69,25.79,697.5,0.0773,9403.29
2025-03-24,NSE:GROWWRAIL,290,32.34,35.7242,10360.02,26.07,955.35,0.1046,9422.39
2025-04-21,NSE:PVTBANIETF,330,25.78,27.7222,9148.33,24.82,616.11,0.0753,9434.72
2025-04-22,NSE:BFSI,350,25.57,27.2527,9538.44,25.22,563.73,0.0658,9445.99
2025-04-23,NSE:AUTOIETF,446,20.99,22.8771,10203.19,25.91,815.74,0.0899,9462.3
2025-04-29,NSE:MODEFENCE,122,73.03,79.8401,9740.49,25.43,805.4,0.0933,9478.41
2025-05-16,NSE:GROWWRAIL,262,36.03,38.5214,10092.61,25.8,626.95,0.0691,9490.95
2025-05-19,NSE:CONSUMER,863,10.7542,11.4385,9871.43,25.57,564.98,0.0636,9502.25
2025-05-23,NSE:FINIETF,343,27.57,29.3506,10067.26,25.77,584.98,0.0646,9513.95
2025-05-26,NSE:MSCIINDIA,339,27.72,29.5105,10004.06,25.7,581.28,0.0646,9525.58
2025-06-06,NSE:BANKBEES,15,539.28,581.3581,8720.37,24.37,606.8,0.078,9537.71
2025-06-09,NSE:ALPHAETF,394,24.13,25.6643,10111.73,25.82,578.69,0.0636,9549.29
2025-06-27,NSE:GROWWN200,874,10.785,11.4971,10048.47,25.75,596.63,0.066,9561.22
2025-07-03,NSE:MAFANG,66,139.17,148.4214,9795.81,25.49,585.1,0.0665,9572.92
2025-08-14,NSE:MASPTOP50,155,60.24,64.7851,10041.69,25.74,678.75,0.0754,9586.5
2025-08-19,NSE:AUTOIETF,392,24.25,26.0939,10228.81,25.94,696.87,0.076,9600.43
2025-08-29,NSE:MAHKTECH,391,24.02,25.8242,10097.26,25.8,679.64,0.0751,9614.03
2025-09-01,NSE:HNGSNGBEES,21,436.4,477.2523,10022.3,25.72,832.18,0.0936,9630.67
2025-09-16,NSE:SBINEQWETF,309,30.48,32.4775,10035.55,25.74,591.49,0.0655,9642.5
2025-09-18,NSE:CONSUMER,818,11.66,12.4276,10165.78,25.87,602.03,0.0658,9654.54
2025-09-29,NSE:MONQ50,105,88.21,98.5813,10351.04,26.06,1062.93,0.1176,9675.8
2025-09-30,NSE:PSUBNKBEES,106,78.79,83.8561,8888.75,24.55,512.46,0.0643,9686.05
2025-10-03,NSE:MON100,43,212.93,229.3804,9863.36,25.56,681.81,0.0773,9699.68
2025-10-06,NSE:MAHKTECH,349,27.56,34.0959,11899.47,27.67,2253.36,0.2372,9744.75
2025-10-20,NSE:HDFCSENSEX,97,88.72,94.6153,9177.68,24.85,546.99,0.0664,9755.69
2025-10-21,NSE:ALPHAETF,401,24.08,25.6643,10291.38,26.0,609.3,0.0658,9767.88
2025-10-27,NSE:METALIETF,923,9.82,10.5195,9709.5,25.4,620.24,0.0712,9780.28
2025-10-29,NSE:VAL30IETF,683,13.4933,14.3456,9798.04,25.49,556.63,0.0632,9791.41
2025-10-31,NSE:MAFANG,57,167.06,178.6012,10180.27,25.89,631.96,0.0691,9804.05
2025-11-14,NSE:HNGSNGBEES,19,500.98,532.467,10116.87,25.82,572.43,0.0629,9815.5
2025-11-20,NSE:BFSI,352,26.95,28.7712,10127.46,25.83,615.23,0.0676,9827.81
2025-11-21,NSE:TOP10ADD,95,94.6772,100.849,9580.66,25.27,561.05,0.0652,9839.03
2025-11-26,NSE:BANKBEES,16,575.55,613.6058,9817.69,25.51,583.38,0.0661,9850.7
2025-11-27,NSE:FINIETF,311,30.73,32.927,10240.3,25.95,657.32,0.0715,9863.84
2025-12-04,NSE:MAFANG,59,165.14,176.0837,10388.94,26.1,619.58,0.0663,9876.23
2025-12-22,NSE:METALIETF,978,10.06,10.6993,10463.92,26.18,599.05,0.0635,9888.21
2025-12-30,NSE:MSCIINDIA,324,29.32,31.3386,10153.71,25.86,628.17,0.0688,9900.78
2026-01-01,NSE:INFRAIETF,93,93.49,99.4005,9244.25,24.92,524.76,0.0632,9911.27
2026-01-02,NSE:MOVALUE,79,110.84,118.7012,9377.39,25.06,595.98,0.0709,9923.19
2026-01-05,NSE:AUTOIETF,352,27.67,29.7103,10458.03,26.17,692.02,0.0737,9937.03
2026-01-06,NSE:GROWWN200,868,11.0936,11.8029,10244.92,25.95,589.72,0.0639,9948.83
2026-01-16,NSE:VAL30IETF,686,14.37,15.3147,10505.88,26.22,621.84,0.0657,9961.26
2026-01-19,NSE:HNGSNGBEES,19,512.61,546.0634,10375.2,26.09,609.52,0.0653,9973.45
2026-01-28,NSE:ICICIB22,76,112.57,119.87,9110.12,24.78,530.02,0.0648,9984.06
2026-02-24,NSE:MIDCAP,58,159.55,170.8889,9911.56,25.61,632.05,0.0711,9996.7
2026-02-25,NSE:ENERGY,282,34.9742,37.2129,10494.04,26.21,605.1,0.064,10008.8
2026-02-26,NSE:AUTOIETF,359,27.71,29.5604,10612.18,26.33,637.96,0.0668,10021.56
2026-04-02,NSE:MONQ50,98,99.49,109.2107,10702.65,26.43,926.2,0.0977,10040.08
2026-04-15,NSE:MON100,40,244.25,269.69,10787.6,26.52,991.08,0.1042,10059.9
2026-04-16,NSE:MOVALUE,91,109.15,117.2426,10669.08,26.39,710.04,0.0741,10074.1
2026-04-17,NSE:ENERGY,280,35.74,39.0709,10939.85,26.67,905.98,0.0932,10092.22
2026-04-24,NSE:MASPTOP50,138,71.41,76.1837,10513.35,26.23,632.54,0.0668,10104.87
2026-04-28,NSE:CPSEETF,86,101.48,108.4914,9330.26,25.01,577.97,0.0691,10116.43
2026-04-29,NSE:MAFANG,58,168.98,181.7481,10541.39,26.26,714.29,0.0756,10130.72
2026-05-07,NSE:MIDCAPETF,402,21.7,23.2667,9353.21,25.03,604.78,0.0722,10142.81
2026-05-08,NSE:MODEFENCE,98,96.61,103.1767,10111.32,25.82,617.72,0.068,10155.17
2026-05-14,NSE:PHARMABEES,379,23.5,25.1848,9545.04,25.23,613.31,0.0717,10167.44
2026-05-19,NSE:HEALTHY,606,15.29,16.2737,9861.86,25.56,570.56,0.0643,10178.85
2026-05-27,NSE:MAKEINDIA,59,153.26,163.6762,9656.9,25.34,589.22,0.068,10190.63
2026-05-28,NSE:MOM100,139,63.12,67.2727,9350.91,25.03,552.2,0.0658,10201.67
2026-06-18,NSE:MOMIDMTM,156,61.5033,65.944,10287.26,26.0,666.75,0.0722,10215.01
2026-07-10,NSE:MIDCAP,581,17.22,18.3816,10679.71,26.4,648.49,0.0675,10227.98
2026-07-13,NSE:SML100CASE,949,10.3422,11.0689,10504.39,26.22,663.42,0.0703,10241.25
2026-07-27,NSE:AUTOIETF,376,26.85,28.5714,10742.85,26.47,620.78,0.0641,10253.66
2026-08-06,NSE:SBINEQWETF,299,32.37,34.5055,10317.14,26.03,612.48,0.066,10265.91
