strategy,instrument,entry_date,exit_date,entry_price,exit_price,shares,gross_pnl,costs,pnl,pnl_pct,cost_stt,cost_txn,cost_dp,cost_stamp,cost_gst,reason,regime,duration
52-Week High Breakout,Bank Nifty,2013-01-01,2013-02-05,12660.33,12461.37,7,-1392.71,210.82,-1603.53,-1.81,175.85,5.22,15.34,13.29,0.9401,Signal,bull,35
52-Week High Breakout,Bank Nifty,2014-05-09,2014-07-10,13757.22,14814.12,6,6341.42,205.33,6136.09,7.43,171.43,5.09,15.34,12.38,0.9165,Signal,bull,62
52-Week High Breakout,Bank Nifty,2014-11-21,2015-02-06,18065.12,18807.17,5,3710.24,219.9,3490.34,3.86,184.36,5.48,15.34,13.55,0.9856,TrailingStop,bull,77
52-Week High Breakout,Bank Nifty,2016-07-28,2016-09-29,19085.87,19173.84,5,439.85,227.85,212.0,0.22,191.3,5.68,15.34,14.31,1.0227,Signal,bull,63
52-Week High Breakout,Bank Nifty,2019-05-27,2019-07-10,31663.11,30506.48,3,-3469.87,222.82,-3692.69,-3.89,186.51,5.54,15.34,14.25,0.9971,Signal,bull,44
52-Week High Breakout,Bank Nifty,2019-11-28,2020-01-06,32138.64,31221.17,3,-2752.41,226.73,-2979.14,-3.09,190.08,5.65,15.34,14.46,1.0162,Signal,bull,39
52-Week High Breakout,Bank Nifty,2021-02-02,2021-03-18,34284.63,33920.51,2,-728.24,166.95,-895.19,-1.31,136.41,4.05,15.34,10.29,0.7292,TrailingStop,bull,44
52-Week High Breakout,Bank Nifty,2021-09-16,2021-11-16,37687.0,38287.5,2,1201.01,184.07,1016.94,1.35,151.95,4.51,15.34,11.31,0.8123,Signal,bull,61
52-Week High Breakout,Bank Nifty,2022-11-07,2022-12-23,41707.06,41646.73,2,-120.65,200.57,-321.22,-0.39,166.71,4.95,15.34,12.51,0.8912,Signal,bull,46
52-Week High Breakout,Bank Nifty,2023-07-04,2023-08-03,45324.1,44491.19,2,-1665.81,215.04,-1880.85,-2.07,179.63,5.34,15.34,13.6,0.9603,Signal,bull,30
52-Week High Breakout,Bank Nifty,2023-12-04,2024-01-17,46454.61,46041.42,2,-826.39,220.94,-1047.33,-1.13,184.99,5.49,15.34,13.94,0.989,Signal,bull,44
52-Week High Breakout,Bank Nifty,2024-06-03,2024-06-04,51005.44,46889.81,1,-4115.63,124.41,-4240.04,-8.31,97.9,2.91,15.34,7.65,0.5233,StopLoss,bull,1
52-Week High Breakout,Bank Nifty,2024-09-20,2024-10-04,53820.1,51436.32,1,-2383.78,132.46,-2516.24,-4.68,105.26,3.13,15.34,8.07,0.5627,Signal,bull,14
52-Week High Breakout,Bank Nifty,2025-06-06,2025-07-28,56606.69,56056.86,1,-549.83,140.56,-690.39,-1.22,112.66,3.35,15.34,8.49,0.6023,Signal,bull,52
52-Week High Breakout,Bank Nifty,2025-10-20,2026-01-21,58062.22,58770.9,1,708.68,145.09,563.59,0.97,116.83,3.47,15.34,8.71,0.6246,Signal,bull,93
52-Week High Breakout,Nifty 50,2013-01-21,2013-02-07,6085.34,5935.83,15,-2242.66,215.85,-2458.51,-2.69,180.32,5.36,15.34,13.69,0.964,Signal,bull,17
52-Week High Breakout,Nifty 50,2014-03-07,2014-08-08,6529.91,7564.77,14,14487.93,233.49,14254.44,15.59,197.33,5.86,15.34,13.71,1.0549,Signal,bull,154
52-Week High Breakout,Nifty 50,2015-01-29,2015-03-13,8956.83,8643.43,11,-3447.4,230.7,-3678.1,-3.73,193.6,5.75,15.34,14.78,1.035,Signal,bull,43
52-Week High Breakout,Nifty 50,2016-08-31,2016-09-29,8790.59,8586.95,11,-2240.03,227.89,-2467.92,-2.55,191.15,5.68,15.34,14.5,1.0219,Signal,bull,29
52-Week High Breakout,Nifty 50,2017-05-04,2017-08-11,9364.58,9705.94,10,3413.64,226.97,3186.67,3.4,190.71,5.66,15.34,14.05,1.0195,Signal,bull,99
52-Week High Breakout,Nifty 50,2017-10-25,2017-11-15,10300.5,10112.99,10,-1875.07,242.28,-2117.35,-2.06,204.13,6.06,15.34,15.45,1.0913,Signal,bull,21
52-Week High Breakout,Nifty 50,2018-01-18,2018-02-06,10822.41,10493.0,9,-2964.67,228.7,-3193.37,-3.28,191.84,5.7,15.34,14.61,1.0256,Signal,bull,19
52-Week High Breakout,Nifty 50,2018-07-26,2018-09-18,11172.88,11273.26,8,803.02,214.79,588.23,0.66,179.57,5.33,15.34,13.41,0.96,Signal,bull,54
52-Week High Breakout,Nifty 50,2021-01-12,2021-01-29,14570.73,13627.78,6,-5657.7,203.74,-5861.44,-6.7,169.19,5.02,15.34,13.11,0.9045,Signal,bull,17
52-Week High Breakout,Nifty 50,2021-08-04,2021-11-18,16266.93,17755.92,5,7444.95,203.79,7241.16,8.9,170.11,5.05,15.34,12.2,0.9094,Signal,bull,106
52-Week High Breakout,Nifty 50,2023-06-28,2023-08-25,18981.59,19256.17,5,1372.91,227.66,1145.25,1.21,191.19,5.68,15.34,14.24,1.0221,Signal,bull,58
52-Week High Breakout,Nifty 50,2023-12-04,2024-03-19,20697.14,21806.54,4,4437.59,203.9,4233.69,5.11,170.01,5.05,15.34,12.42,0.9089,Signal,bull,106
52-Week High Breakout,Nifty 50,2024-06-03,2024-06-04,23275.53,21397.43,4,-7512.41,214.44,-7726.85,-8.3,178.69,5.31,15.34,13.97,0.9553,StopLoss,bull,1
52-Week High Breakout,Nifty 50,2024-08-30,2024-10-04,25248.52,25002.09,3,-739.28,182.89,-922.17,-1.22,150.75,4.48,15.34,11.36,0.8059,Signal,bull,35
52-Week High Breakout,Nifty 50,2025-10-23,2025-12-18,25904.35,25802.64,3,-305.11,187.71,-492.82,-0.63,155.12,4.61,15.34,11.66,0.8293,Signal,bull,56
ADX Breakout,Bank Nifty,2009-11-09,2009-11-19,9141.96,9037.02,10,-1049.38,217.4,-1266.78,-1.39,181.79,5.4,15.34,13.71,0.9718,Signal,bull,10
ADX Breakout,Bank Nifty,2009-12-23,2010-01-12,8923.41,8980.5,10,570.97,214.22,356.75,0.4,179.04,5.32,15.34,13.39,0.9571,Signal,bull,20
ADX Breakout,Bank Nifty,2010-03-23,2010-04-13,9227.4,9478.15,10,2507.44,222.98,2284.46,2.48,187.06,5.56,15.34,13.84,1.0,Signal,bull,21
ADX Breakout,Bank Nifty,2010-09-01,2010-10-18,10885.06,12324.99,8,11519.41,220.78,11298.63,12.97,185.68,5.51,15.34,13.06,0.9926,Signal,bull,47
ADX Breakout,Bank Nifty,2010-12-02,2010-12-03,12478.69,12342.88,8,-1086.47,236.04,-1322.51,-1.32,198.57,5.9,15.34,14.97,1.0616,Signal,bull,1
ADX Breakout,Bank Nifty,2011-01-24,2011-01-28,11156.6,10572.84,9,-5253.82,233.02,-5486.84,-5.46,195.56,5.81,15.34,15.06,1.0455,Signal,bull,4
ADX Breakout,Bank Nifty,2012-05-28,2012-05-30,9703.04,9529.17,10,-1738.64,229.15,-1967.79,-2.03,192.32,5.71,15.34,14.55,1.0282,Signal,bull,2
ADX Breakout,Bank Nifty,2012-09-10,2012-09-11,10074.77,10130.71,9,503.52,217.35,286.17,0.32,181.85,5.4,15.34,13.6,0.9722,Signal,bull,1
ADX Breakout,Bank Nifty,2012-12-26,2013-01-17,12485.54,12643.13,7,1103.08,210.69,892.39,1.02,175.9,5.22,15.34,13.11,0.9404,Signal,bull,22
ADX Breakout,Bank Nifty,2013-03-08,2013-03-13,12203.21,11771.47,8,-3453.86,228.69,-3682.55,-3.77,191.8,5.7,15.34,14.64,1.0253,Signal,bull,5
ADX Breakout,Bank Nifty,2013-05-07,2013-05-23,12637.67,12630.04,7,-53.44,211.86,-265.3,-0.3,176.87,5.25,15.34,13.27,0.9456,Signal,bull,16
ADX Breakout,Bank Nifty,2013-05-27,2013-05-29,12967.88,12846.62,7,-848.79,216.17,-1064.96,-1.17,180.7,5.37,15.34,13.62,0.966,Signal,bull,2
ADX Breakout,Bank Nifty,2014-01-22,2014-01-24,11212.82,10976.78,8,-1888.34,212.71,-2101.05,-2.34,177.52,5.27,15.34,13.46,0.949,Signal,bull,2
ADX Breakout,Bank Nifty,2014-06-17,2014-06-23,15380.71,15068.64,6,-1872.43,218.46,-2090.89,-2.27,182.7,5.43,15.34,13.84,0.9767,Signal,bull,6
ADX Breakout,Bank Nifty,2014-09-18,2014-09-24,16164.74,15732.25,5,-2162.47,192.7,-2355.17,-2.91,159.48,4.74,15.34,12.12,0.8526,Signal,bull,6
ADX Breakout,Bank Nifty,2017-01-06,2017-03-22,18272.92,20770.72,4,9991.19,188.11,9803.08,13.41,156.17,4.64,15.34,10.96,0.8349,Signal,bull,75
ADX Breakout,Bank Nifty,2017-05-25,2017-06-27,23202.13,23204.37,4,8.98,221.58,-212.6,-0.23,185.63,5.51,15.34,13.92,0.9924,Signal,bull,33
ADX Breakout,Bank Nifty,2017-10-13,2017-10-18,24701.21,24301.31,3,-1199.69,178.76,-1378.45,-1.86,147.01,4.37,15.34,11.12,0.7859,Signal,bull,5
ADX Breakout,Bank Nifty,2018-01-08,2018-01-10,25688.64,25604.2,3,-253.33,186.33,-439.66,-0.57,153.88,4.57,15.34,11.56,0.8226,Signal,bull,2
ADX Breakout,Bank Nifty,2018-02-26,2018-02-28,25700.45,25094.56,3,-1817.67,184.78,-2002.45,-2.6,152.39,4.53,15.34,11.57,0.8147,Signal,bull,2
ADX Breakout,Bank Nifty,2019-05-17,2019-06-06,29464.53,30841.61,3,4131.24,216.04,3915.2,4.43,180.92,5.37,15.34,13.26,0.9672,Signal,bull,20
ADX Breakout,Bank Nifty,2020-02-06,2020-02-10,31319.34,31042.26,3,-831.24,223.26,-1054.5,-1.12,187.08,5.56,15.34,14.09,1.0002,Signal,bull,4
ADX Breakout,Bank Nifty,2020-11-02,2020-12-21,24904.66,29441.38,3,13610.17,195.46,13414.71,17.95,163.04,4.84,15.34,11.21,0.8716,Signal,bull,49
ADX Breakout,Bank Nifty,2020-12-28,2021-01-18,30896.03,31795.48,3,2698.34,224.1,2474.24,2.67,188.07,5.59,15.34,13.9,1.0054,Signal,bull,21
ADX Breakout,Bank Nifty,2021-02-01,2021-02-22,33105.21,35239.16,3,6401.85,242.66,6159.19,6.2,205.03,6.09,15.34,14.9,1.0961,Signal,bull,21
ADX Breakout,Bank Nifty,2021-02-24,2021-02-26,36470.1,34785.79,3,-5052.93,253.22,-5306.15,-4.85,213.77,6.35,15.34,16.41,1.1428,Signal,bull,2
ADX Breakout,Bank Nifty,2021-04-28,2021-05-03,33739.27,32449.14,3,-3870.39,236.25,-4106.64,-4.06,198.57,5.9,15.34,15.18,1.0615,Signal,bull,5
ADX Breakout,Bank Nifty,2021-08-04,2021-08-17,36045.65,35849.1,3,-589.65,255.02,-844.67,-0.78,215.68,6.41,15.34,16.22,1.153,Signal,bull,13
ADX Breakout,Bank Nifty,2021-12-08,2021-12-16,37302.91,36529.95,2,-1545.92,179.52,-1725.44,-2.31,147.67,4.39,15.34,11.19,0.7894,Signal,bull,8
ADX Breakout,Bank Nifty,2022-01-03,2022-01-21,36439.69,37555.08,2,2230.78,179.6,2051.18,2.81,147.99,4.4,15.34,10.93,0.7912,Signal,bull,18
ADX Breakout,Bank Nifty,2022-08-25,2022-08-29,38969.77,38257.12,2,-1425.31,187.05,-1612.36,-2.07,154.45,4.59,15.34,11.69,0.8257,Signal,sideways,4
ADX Breakout,Bank Nifty,2022-08-30,2022-09-23,39556.06,39526.02,2,-60.08,191.07,-251.15,-0.32,158.16,4.7,15.34,11.87,0.8455,Signal,bull,24
ADX Breakout,Bank Nifty,2022-10-06,2022-10-07,39302.04,39158.0,2,-288.06,189.71,-477.77,-0.61,156.92,4.66,15.34,11.79,0.8389,Signal,bull,1
ADX Breakout,Bank Nifty,2022-12-29,2023-01-04,43273.47,42937.32,2,-672.3,206.96,-879.26,-1.02,172.42,5.12,15.34,12.98,0.9218,Signal,bull,6
ADX Breakout,Bank Nifty,2023-02-03,2023-02-10,41520.45,41538.62,2,36.34,199.9,-163.56,-0.2,166.12,4.93,15.34,12.46,0.8881,Signal,bull,7
ADX Breakout,Bank Nifty,2023-05-11,2023-05-19,43497.04,43947.41,2,900.75,209.58,691.17,0.79,174.89,5.19,15.34,13.05,0.935,Signal,bull,8
ADX Breakout,Bank Nifty,2023-08-01,2023-08-02,45615.3,44973.2,2,-1284.19,216.73,-1500.92,-1.65,181.18,5.38,15.34,13.68,0.9686,Signal,bull,1
ADX Breakout,Bank Nifty,2023-08-24,2023-08-25,44518.45,44209.33,2,-618.23,212.55,-830.78,-0.93,177.46,5.27,15.34,13.36,0.9487,Signal,bull,1
ADX Breakout,Bank Nifty,2023-08-28,2023-08-30,44516.9,44210.49,2,-612.82,212.55,-825.37,-0.93,177.45,5.27,15.34,13.36,0.9487,Signal,bull,2
ADX Breakout,Bank Nifty,2023-11-03,2023-11-17,43339.91,43562.16,2,444.5,208.41,236.09,0.27,173.8,5.16,15.34,13.0,0.9292,Signal,bull,14
ADX Breakout,Bank Nifty,2024-02-02,2024-02-06,45993.93,45667.96,2,-651.96,219.07,-871.03,-0.95,183.32,5.44,15.34,13.8,0.98,Signal,bull,4
ADX Breakout,Bank Nifty,2025-04-15,2025-05-06,52405.69,54244.26,1,1838.57,133.7,1704.87,3.25,106.65,3.17,15.34,7.86,0.5702,Signal,sideways,21
ADX Breakout,Bank Nifty,2025-08-18,2025-08-22,55762.77,55121.82,1,-640.94,138.59,-779.53,-1.4,110.88,3.29,15.34,8.36,0.5928,Signal,bull,4
ADX Breakout,Bank Nifty,2025-09-10,2025-09-26,54563.27,54362.16,1,-201.11,136.38,-337.49,-0.62,108.93,3.24,15.34,8.18,0.5823,Signal,bull,16
ADX Breakout,Bank Nifty,2026-02-03,2026-02-24,60071.32,61016.78,1,945.46,149.8,795.66,1.32,121.09,3.6,15.34,9.01,0.6473,Signal,bull,21
ADX Breakout,Nifty 50,2009-07-15,2009-08-07,4235.62,4479.16,22,5357.93,227.95,5129.98,5.51,191.73,5.69,15.34,13.98,1.025,Signal,bull,23
ADX Breakout,Nifty 50,2009-10-07,2009-10-09,4988.24,4942.73,20,-910.31,236.08,-1146.39,-1.15,198.62,5.9,15.34,14.96,1.0618,Signal,bull,2
ADX Breakout,Nifty 50,2009-11-10,2009-11-19,4884.14,4986.51,20,2047.29,234.52,1812.77,1.86,197.41,5.86,15.34,14.65,1.0554,Signal,bull,9
ADX Breakout,Nifty 50,2010-02-17,2010-02-19,4916.46,4842.48,20,-1479.59,232.3,-1711.89,-1.74,195.18,5.8,15.34,14.75,1.0434,Signal,bull,2
ADX Breakout,Nifty 50,2010-08-02,2010-08-12,5434.37,5413.74,18,-371.23,232.32,-603.55,-0.62,195.27,5.8,15.34,14.67,1.0439,Signal,bull,10
ADX Breakout,Nifty 50,2010-12-02,2010-12-03,6014.71,5989.8,16,-398.44,228.77,-627.21,-0.65,192.07,5.7,15.34,14.44,1.0268,Signal,bull,1
ADX Breakout,Nifty 50,2010-12-06,2010-12-07,5995.25,5973.56,16,-346.95,228.13,-575.08,-0.6,191.5,5.69,15.34,14.39,1.0238,Signal,bull,1
ADX Breakout,Nifty 50,2011-04-20,2011-04-28,5854.58,5782.56,16,-1152.29,222.3,-1374.59,-1.47,186.19,5.53,15.34,14.05,0.9954,Signal,sideways,8
ADX Breakout,Nifty 50,2012-03-12,2012-03-16,5362.23,5315.24,17,-798.81,217.07,-1015.88,-1.11,181.52,5.39,15.34,13.67,0.9704,Signal,bull,4
ADX Breakout,Nifty 50,2012-09-07,2012-10-05,5344.77,4966.91,17,-6423.65,210.59,-6634.24,-7.3,175.3,5.21,15.34,13.63,0.9371,StopLoss,bull,28
ADX Breakout,Nifty 50,2012-11-06,2012-11-12,5727.26,5680.86,15,-696.06,205.52,-901.58,-1.05,171.12,5.08,15.34,12.89,0.9148,Signal,bull,6
ADX Breakout,Nifty 50,2013-03-07,2013-03-14,5866.23,5906.0,14,556.7,198.41,358.29,0.44,164.81,4.89,15.34,12.32,0.8811,Signal,bull,7
ADX Breakout,Nifty 50,2013-04-16,2013-05-23,5691.79,5964.07,15,4084.07,209.29,3874.78,4.54,174.84,5.19,15.34,12.81,0.9347,Signal,bull,37
ADX Breakout,Nifty 50,2013-05-27,2013-05-31,6086.19,5982.96,15,-1548.51,216.6,-1765.11,-1.93,181.04,5.38,15.34,13.69,0.9678,Signal,bull,4
ADX Breakout,Nifty 50,2013-06-28,2013-07-10,5845.12,5813.79,15,-469.94,209.68,-679.62,-0.78,174.88,5.19,15.34,13.15,0.9349,Signal,bull,12
ADX Breakout,Nifty 50,2014-02-19,2014-02-20,6155.83,6088.4,14,-943.91,205.87,-1149.78,-1.33,171.42,5.09,15.34,12.93,0.9164,Signal,bull,1
ADX Breakout,Nifty 50,2014-04-17,2014-04-28,6782.79,6757.87,13,-323.96,210.94,-534.9,-0.61,176.03,5.23,15.34,13.23,0.941,Signal,bull,11
ADX Breakout,Nifty 50,2014-05-09,2014-06-26,6862.23,7489.45,12,7526.69,206.12,7320.57,8.89,172.22,5.11,15.34,12.35,0.9207,Signal,bull,48
ADX Breakout,Nifty 50,2014-09-18,2014-09-23,8118.81,8013.54,11,-1157.93,212.59,-1370.52,-1.53,177.46,5.27,15.34,13.4,0.9487,Signal,bull,5
ADX Breakout,Nifty 50,2014-12-23,2014-12-24,8271.13,8170.01,11,-1112.32,216.36,-1328.68,-1.46,180.85,5.37,15.34,13.65,0.9668,Signal,bull,1
ADX Breakout,Nifty 50,2015-06-30,2015-07-08,8372.68,8358.87,11,-151.98,219.84,-371.82,-0.4,184.05,5.47,15.34,13.81,0.9839,Signal,sideways,8
ADX Breakout,Nifty 50,2017-11-17,2017-11-30,10288.74,10221.44,8,-538.44,197.68,-736.12,-0.89,164.08,4.87,15.34,12.35,0.8772,Signal,bull,13
ADX Breakout,Nifty 50,2017-12-08,2017-12-13,10270.78,10187.85,8,-663.44,197.23,-860.67,-1.05,163.67,4.86,15.34,12.32,0.875,Signal,bull,5
ADX Breakout,Nifty 50,2018-02-26,2018-02-28,10587.89,10487.6,8,-802.3,202.73,-1005.03,-1.19,168.6,5.01,15.34,12.71,0.9014,Signal,bull,2
ADX Breakout,Nifty 50,2019-05-20,2019-06-14,11834.16,11817.39,7,-117.43,199.29,-316.72,-0.38,165.56,4.92,15.34,12.43,0.8851,Signal,bull,25
ADX Breakout,Nifty 50,2020-08-04,2020-08-14,11100.8,11172.81,8,576.11,213.27,362.84,0.41,178.19,5.29,15.34,13.32,0.9526,Signal,sideways,10
ADX Breakout,Nifty 50,2020-12-24,2021-01-25,13756.12,14231.78,6,2853.94,201.7,2652.24,3.21,167.93,4.99,15.34,12.38,0.8977,Signal,bull,32
ADX Breakout,Nifty 50,2021-02-02,2021-02-19,14655.17,14974.26,6,1914.51,212.71,1701.8,1.94,177.78,5.28,15.34,13.19,0.9504,Signal,bull,17
ADX Breakout,Nifty 50,2021-10-04,2021-10-25,17700.1,18116.34,5,2081.21,214.15,1867.06,2.11,179.08,5.32,15.34,13.28,0.9574,Signal,bull,21
ADX Breakout,Nifty 50,2022-02-02,2022-02-03,17788.89,17551.42,5,-1187.35,211.75,-1399.1,-1.57,176.7,5.25,15.34,13.34,0.9446,Signal,bull,1
ADX Breakout,Nifty 50,2022-08-25,2022-08-29,17531.21,17304.24,5,-1134.83,208.94,-1343.77,-1.53,174.18,5.17,15.34,13.15,0.9312,Signal,sideways,4
ADX Breakout,Nifty 50,2022-08-30,2022-09-16,17768.18,17522.08,5,-1230.48,211.48,-1441.96,-1.62,176.45,5.24,15.34,13.33,0.9433,Signal,sideways,17
ADX Breakout,Nifty 50,2022-10-06,2022-10-07,17340.47,17305.99,5,-172.37,207.82,-380.19,-0.44,173.23,5.14,15.34,13.01,0.9261,Signal,bull,1
ADX Breakout,Nifty 50,2023-01-18,2023-01-20,18174.43,18018.64,5,-778.98,216.46,-995.44,-1.1,180.97,5.37,15.34,13.63,0.9674,Signal,bull,2
ADX Breakout,Nifty 50,2023-03-06,2023-03-09,17720.3,17580.8,5,-697.5,211.5,-909.0,-1.03,176.51,5.24,15.34,13.29,0.9436,Signal,bull,3
ADX Breakout,Nifty 50,2023-05-22,2023-06-23,18323.56,18656.17,4,1330.44,179.58,1150.86,1.57,147.92,4.39,15.34,10.99,0.7908,Signal,bull,32
ADX Breakout,Nifty 50,2023-08-24,2023-08-25,19396.39,19256.17,4,-560.9,187.16,-748.06,-0.96,154.61,4.59,15.34,11.64,0.8265,Signal,bull,1
ADX Breakout,Nifty 50,2023-10-11,2023-10-13,19821.26,19741.18,4,-320.32,191.19,-511.51,-0.65,158.25,4.7,15.34,11.89,0.846,Signal,bull,2
ADX Breakout,Nifty 50,2023-11-06,2024-01-10,19421.46,21607.89,4,8745.74,197.03,8548.71,11.0,164.12,4.87,15.34,11.65,0.8774,Signal,bull,65
ADX Breakout,Nifty 50,2024-06-03,2024-06-04,23275.53,21630.01,4,-6582.09,215.4,-6797.49,-7.3,179.62,5.33,15.34,13.97,0.9603,StopLoss,bull,1
ADX Breakout,Nifty 50,2024-08-19,2024-09-06,24584.94,24839.72,3,764.36,180.02,584.34,0.79,148.27,4.4,15.34,11.06,0.7927,Signal,bull,18
ADX Breakout,Nifty 50,2024-09-10,2024-09-11,25053.62,24905.99,3,-442.89,181.9,-624.79,-0.83,149.88,4.45,15.34,11.27,0.8013,Signal,bull,1
ADX Breakout,Nifty 50,2024-11-25,2024-11-28,24234.01,23902.19,3,-995.45,175.86,-1171.31,-1.61,144.41,4.29,15.34,10.91,0.772,Signal,bull,3
ADX Breakout,Nifty 50,2025-08-18,2025-08-26,24889.39,24699.69,3,-569.08,180.67,-749.75,-1.0,148.77,4.42,15.34,11.2,0.7953,Signal,bull,8
ADX Breakout,Nifty 50,2026-02-03,2026-02-13,25740.41,25458.36,3,-846.15,186.06,-1032.21,-1.34,153.6,4.56,15.34,11.58,0.8211,Signal,bull,10
BB Squeeze Breakout,Bank Nifty,2009-09-07,2009-10-14,7654.39,9027.66,12,16479.28,236.52,16242.76,17.68,200.18,5.95,15.34,13.78,1.0702,TakeProfit,bull,37
BB Squeeze Breakout,Bank Nifty,2009-10-15,2009-10-27,9301.29,8829.6,11,-5188.61,237.32,-5425.93,-5.3,199.44,5.92,15.34,15.35,1.0662,StopLoss,bull,12
BB Squeeze Breakout,Bank Nifty,2010-03-02,2010-04-15,8926.46,9339.82,11,4546.98,238.24,4308.74,4.39,200.93,5.97,15.34,14.73,1.0742,Signal,bull,44
BB Squeeze Breakout,Bank Nifty,2010-07-12,2010-09-13,9855.41,11623.57,11,19449.75,276.39,19173.36,17.69,236.27,7.02,15.34,16.26,1.2631,TakeProfit,bull,63
BB Squeeze Breakout,Bank Nifty,2010-09-13,2010-10-15,11878.65,12340.13,10,4614.85,284.08,4330.77,3.65,242.19,7.19,15.34,17.82,1.2947,Signal,bull,32
BB Squeeze Breakout,Bank Nifty,2010-11-03,2010-11-12,12898.1,12450.93,10,-4471.7,297.31,-4769.01,-3.7,253.49,7.53,15.34,19.35,1.3552,Signal,bull,9
BB Squeeze Breakout,Bank Nifty,2011-03-25,2011-04-28,11392.86,11678.82,11,3145.57,297.07,2848.5,2.27,253.79,7.54,15.34,18.8,1.3568,Signal,sideways,34
BB Squeeze Breakout,Bank Nifty,2011-06-29,2011-07-20,11158.8,11158.99,11,2.11,288.1,-285.99,-0.23,245.5,7.29,15.34,18.41,1.3124,Signal,bear,21
BB Squeeze Breakout,Bank Nifty,2012-01-11,2012-02-09,8844.02,10430.72,14,22213.87,313.49,21900.38,17.69,269.85,8.01,15.34,18.57,1.4426,TakeProfit,bear,29
BB Squeeze Breakout,Bank Nifty,2012-06-06,2012-07-23,9747.56,10269.34,15,7826.78,348.35,7478.43,5.11,300.25,8.92,15.34,21.93,1.6052,Signal,bull,47
BB Squeeze Breakout,Bank Nifty,2012-09-14,2012-10-05,10648.1,10108.11,14,-7559.88,338.76,-7898.64,-5.3,290.59,8.63,15.34,22.36,1.5535,StopLoss,bull,21
BB Squeeze Breakout,Bank Nifty,2012-11-29,2013-01-22,11998.66,12567.92,12,6831.11,342.36,6488.75,4.51,294.8,8.76,15.34,21.6,1.576,Signal,bull,54
BB Squeeze Breakout,Bank Nifty,2013-04-16,2013-05-23,11877.4,12630.04,13,9784.29,368.58,9415.71,6.1,318.6,9.46,15.34,23.16,1.7032,Signal,bull,37
BB Squeeze Breakout,Bank Nifty,2013-09-19,2013-09-20,11154.09,10588.44,14,-7919.13,354.13,-8273.26,-5.3,304.4,9.04,15.34,23.42,1.6273,StopLoss,bear,1
BB Squeeze Breakout,Bank Nifty,2013-10-31,2013-11-08,11478.75,10896.64,13,-7567.51,339.09,-7906.6,-5.3,290.88,8.64,15.34,22.38,1.555,StopLoss,sideways,8
BB Squeeze Breakout,Bank Nifty,2013-12-05,2013-12-17,11670.8,11202.92,12,-5614.56,320.73,-5935.29,-4.24,274.48,8.15,15.34,21.01,1.4674,Signal,sideways,12
BB Squeeze Breakout,Bank Nifty,2014-02-24,2014-03-27,10688.72,12606.38,13,24929.62,349.94,24579.68,17.69,302.84,8.99,15.34,20.84,1.619,TakeProfit,sideways,31
BB Squeeze Breakout,Bank Nifty,2014-05-09,2014-06-13,13757.22,15099.17,12,16103.47,398.86,15704.61,9.51,346.28,10.28,15.34,24.76,1.8512,Signal,bull,35
BB Squeeze Breakout,Bank Nifty,2014-08-22,2014-09-16,15826.88,15835.99,11,100.28,402.3,-302.02,-0.17,348.29,10.34,15.34,26.11,1.862,Signal,bull,25
BB Squeeze Breakout,Bank Nifty,2014-11-28,2014-12-16,18522.19,17821.43,9,-6306.87,379.23,-6686.1,-4.01,327.09,9.71,15.34,25.0,1.7486,Signal,bull,18
BB Squeeze Breakout,Bank Nifty,2015-01-16,2015-02-03,19232.54,19373.03,9,1264.45,401.28,863.17,0.5,347.45,10.32,15.34,25.96,1.8575,Signal,bull,18
BB Squeeze Breakout,Bank Nifty,2015-03-02,2015-03-10,20017.87,19002.71,8,-8121.25,362.78,-8484.03,-5.3,312.16,9.27,15.34,24.02,1.6688,StopLoss,bull,8
BB Squeeze Breakout,Bank Nifty,2015-07-16,2015-07-24,19177.41,18626.31,8,-4408.78,351.68,-4760.46,-3.1,302.43,8.98,15.34,23.01,1.6168,Signal,bull,8
BB Squeeze Breakout,Bank Nifty,2016-04-21,2016-05-04,16645.28,16265.92,9,-3414.17,344.69,-3758.86,-2.51,296.2,8.8,15.34,22.47,1.5835,Signal,bear,13
BB Squeeze Breakout,Bank Nifty,2016-05-26,2016-06-21,17367.78,17610.09,9,2180.75,364.93,1815.82,1.16,314.8,9.35,15.34,23.45,1.6829,Signal,bull,26
BB Squeeze Breakout,Bank Nifty,2016-07-11,2016-08-03,18399.93,18592.48,8,1540.4,344.03,1196.37,0.81,295.94,8.79,15.34,22.08,1.5821,Signal,bull,23
BB Squeeze Breakout,Bank Nifty,2016-08-18,2016-09-26,19362.25,19581.73,8,1755.79,361.36,1394.43,0.9,311.55,9.25,15.34,23.23,1.6656,Signal,bull,39
BB Squeeze Breakout,Bank Nifty,2016-11-10,2016-11-15,20210.12,19279.88,8,-7441.88,366.9,-7808.78,-4.83,315.92,9.38,15.34,24.25,1.6889,Signal,bull,5
BB Squeeze Breakout,Bank Nifty,2017-01-11,2017-03-22,18839.2,20770.72,8,15452.17,366.25,15085.92,10.01,316.88,9.41,15.34,22.61,1.694,Signal,bull,70
BB Squeeze Breakout,Bank Nifty,2017-03-30,2017-05-23,21631.26,22571.25,7,6579.93,358.62,6221.31,4.11,309.42,9.19,15.34,22.71,1.6541,Signal,bull,54
BB Squeeze Breakout,Bank Nifty,2017-05-31,2017-06-27,23436.24,23204.37,7,-1623.08,378.2,-2001.28,-1.22,326.48,9.7,15.34,24.61,1.7454,Signal,bull,27
BB Squeeze Breakout,Bank Nifty,2017-07-27,2017-08-09,24934.57,24362.13,7,-4007.1,399.04,-4406.14,-2.52,345.08,10.25,15.34,26.18,1.8448,Signal,bull,13
BB Squeeze Breakout,Bank Nifty,2017-09-11,2017-09-22,24684.3,24356.38,6,-1967.5,342.41,-2309.91,-1.56,294.24,8.74,15.34,22.22,1.573,Signal,bull,11
BB Squeeze Breakout,Bank Nifty,2017-10-25,2017-11-30,25048.13,25319.44,6,1627.87,350.98,1276.89,0.85,302.21,8.98,15.34,22.54,1.6156,Signal,bull,36
BB Squeeze Breakout,Bank Nifty,2018-01-15,2018-02-02,26081.93,26437.62,6,2134.12,365.29,1768.83,1.13,315.12,9.36,15.34,23.47,1.6846,Signal,bull,18
BB Squeeze Breakout,Bank Nifty,2018-05-07,2018-05-21,25864.68,25737.63,6,-762.3,359.39,-1121.69,-0.72,309.61,9.2,15.34,23.28,1.6552,Signal,sideways,14
BB Squeeze Breakout,Bank Nifty,2018-05-31,2018-06-19,26969.36,26252.31,6,-4302.31,370.45,-4672.76,-2.89,319.33,9.48,15.34,24.27,1.7071,Signal,bull,19
BB Squeeze Breakout,Bank Nifty,2018-07-10,2018-08-24,26907.69,27820.46,6,5476.63,379.76,5096.87,3.16,328.37,9.75,15.34,24.22,1.7555,Signal,bull,45
BB Squeeze Breakout,Bank Nifty,2018-11-29,2018-12-06,26952.76,26184.9,6,-4607.16,369.92,-4977.08,-3.08,318.83,9.47,15.34,24.26,1.7044,Signal,sideways,7
BB Squeeze Breakout,Bank Nifty,2019-01-09,2019-01-23,27733.94,27236.81,6,-2982.78,382.01,-3364.79,-2.02,329.82,9.8,15.34,24.96,1.7632,Signal,bull,14
BB Squeeze Breakout,Bank Nifty,2019-03-07,2019-04-11,27778.16,29770.86,5,9963.51,334.29,9629.22,6.93,287.75,8.55,15.34,20.83,1.5383,Signal,bull,35
BB Squeeze Breakout,Bank Nifty,2019-05-20,2019-06-14,30774.72,30598.69,5,-880.17,356.35,-1236.52,-0.8,306.87,9.11,15.34,23.08,1.6405,Signal,bull,25
BB Squeeze Breakout,Bank Nifty,2019-09-20,2019-10-04,28995.71,27717.66,5,-6390.22,330.88,-6721.1,-4.64,283.57,8.42,15.34,21.75,1.5159,Signal,sideways,14
BB Squeeze Breakout,Bank Nifty,2020-06-23,2020-06-25,22275.77,21146.11,7,-7907.62,353.64,-8261.26,-5.3,303.95,9.03,15.34,23.39,1.6249,StopLoss,bear,2
BB Squeeze Breakout,Bank Nifty,2020-08-24,2020-09-08,22844.15,22732.76,6,-668.32,319.22,-987.54,-0.72,273.46,8.12,15.34,20.56,1.4619,Signal,bear,15
BB Squeeze Breakout,Bank Nifty,2020-10-09,2020-11-10,23858.45,28138.89,6,25682.66,360.04,25322.62,17.69,311.98,9.27,15.34,21.47,1.6679,TakeProfit,sideways,32
BB Squeeze Breakout,Bank Nifty,2020-11-10,2020-12-21,28619.97,29441.38,6,4928.45,402.02,4526.43,2.64,348.37,10.35,15.34,25.76,1.8624,Signal,bull,41
BB Squeeze Breakout,Bank Nifty,2021-02-02,2021-02-26,34284.63,34785.79,5,2505.8,398.85,2106.95,1.23,345.35,10.26,15.34,25.71,1.8463,Signal,bull,24
BB Squeeze Breakout,Bank Nifty,2021-05-21,2021-06-16,34623.8,34985.59,5,1808.96,401.9,1407.06,0.81,348.05,10.34,15.34,25.97,1.8607,Signal,bull,26
BB Squeeze Breakout,Bank Nifty,2021-07-07,2021-07-19,35788.77,35061.25,5,-3637.59,409.2,-4046.79,-2.26,354.25,10.52,15.34,26.84,1.8938,Signal,bull,12
BB Squeeze Breakout,Bank Nifty,2021-09-02,2021-11-08,36849.29,39418.07,4,10275.15,353.52,9921.63,6.73,305.07,9.06,15.34,22.11,1.6309,Signal,bull,67
BB Squeeze Breakout,Bank Nifty,2022-02-02,2022-02-07,39349.71,37976.01,4,-5494.79,359.4,-5854.19,-3.72,309.3,9.19,15.34,23.61,1.6535,Signal,bull,5
BB Squeeze Breakout,Bank Nifty,2022-04-04,2022-04-18,38654.07,36693.82,4,-7840.98,350.79,-8191.77,-5.3,301.39,8.95,15.34,23.19,1.6112,StopLoss,sideways,14
BB Squeeze Breakout,Bank Nifty,2022-07-07,2022-08-29,34937.35,38257.12,5,16598.81,420.71,16178.1,9.26,365.97,10.87,15.34,26.2,1.9565,Signal,sideways,53
BB Squeeze Breakout,Bank Nifty,2022-09-09,2022-09-23,40435.44,39526.02,4,-3637.69,370.98,-4008.67,-2.48,319.85,9.5,15.34,24.26,1.7099,Signal,bull,14
BB Squeeze Breakout,Bank Nifty,2022-10-24,2022-12-16,41325.07,43197.39,4,7489.27,390.41,7098.86,4.29,338.09,10.04,15.34,24.8,1.8074,Signal,bull,53
BB Squeeze Breakout,Bank Nifty,2023-04-13,2023-06-12,42153.62,43922.23,4,7074.44,397.35,6677.09,3.96,344.3,10.23,15.34,25.29,1.8406,Signal,bull,60
BB Squeeze Breakout,Bank Nifty,2023-06-30,2023-08-02,44769.73,44973.2,4,813.9,414.11,399.79,0.22,358.97,10.66,15.34,26.86,1.9191,Signal,bull,33
BB Squeeze Breakout,Bank Nifty,2023-09-07,2023-09-21,44900.79,44601.54,4,-1197.0,413.19,-1610.19,-0.9,358.01,10.63,15.34,26.94,1.9139,Signal,bull,14
BB Squeeze Breakout,Bank Nifty,2023-11-29,2024-01-08,44588.73,47426.52,4,11351.17,423.42,10927.75,6.13,368.06,10.93,15.34,26.75,1.9677,Signal,bull,40
BB Squeeze Breakout,Bank Nifty,2024-02-20,2024-02-28,47117.75,45940.17,4,-4710.32,429.26,-5139.58,-2.73,372.23,11.06,15.34,28.27,1.99,Signal,bull,8
BB Squeeze Breakout,Bank Nifty,2024-04-05,2024-04-18,48517.3,47045.91,4,-5885.53,440.48,-6326.01,-3.26,382.25,11.35,15.34,29.11,2.0435,Signal,bull,13
BB Squeeze Breakout,Bank Nifty,2024-04-29,2024-05-07,49448.76,48261.21,4,-4750.22,449.94,-5200.16,-2.63,390.84,11.61,15.34,29.67,2.0894,Signal,bull,8
BB Squeeze Breakout,Bank Nifty,2024-06-03,2024-06-04,51005.44,48418.83,3,-7759.84,347.32,-8107.16,-5.3,298.27,8.86,15.34,22.95,1.5946,StopLoss,bull,1
BB Squeeze Breakout,Bank Nifty,2024-06-20,2024-07-19,51809.14,52239.47,3,1290.98,362.05,928.93,0.6,312.15,9.27,15.34,23.31,1.6687,Signal,bull,29
BB Squeeze Breakout,Bank Nifty,2024-09-16,2024-10-03,52179.23,51819.28,3,-1079.85,362.06,-1441.91,-0.92,312.0,9.27,15.34,23.48,1.6679,Signal,bull,17
BB Squeeze Breakout,Bank Nifty,2025-02-04,2025-02-14,50183.03,49074.9,3,-3324.39,346.43,-3670.82,-2.44,297.77,8.84,15.34,22.58,1.5919,Signal,bear,10
BB Squeeze Breakout,Bank Nifty,2025-03-20,2025-04-07,50087.88,49835.17,3,-758.13,348.45,-1106.58,-0.74,299.77,8.9,15.34,22.54,1.6026,Signal,sideways,18
BB Squeeze Breakout,Bank Nifty,2025-04-16,2025-05-09,53144.31,53568.45,3,1272.43,370.93,901.5,0.57,320.14,9.51,15.34,23.91,1.7115,Signal,sideways,23
BB Squeeze Breakout,Bank Nifty,2025-06-09,2025-06-13,56868.02,55499.59,3,-4105.3,390.18,-4495.48,-2.64,337.1,10.01,15.34,25.59,1.8022,Signal,bull,4
BB Squeeze Breakout,Bank Nifty,2025-06-26,2025-07-17,57235.3,56800.39,3,-1304.75,395.53,-1700.28,-0.99,342.11,10.16,15.34,25.76,1.8289,Signal,bull,21
BB Squeeze Breakout,Bank Nifty,2025-10-06,2025-12-10,56132.9,58930.92,3,8394.04,398.23,7995.81,4.75,345.19,10.25,15.34,25.26,1.8454,Signal,bull,65
BB Squeeze Breakout,Bank Nifty,2026-01-02,2026-01-09,60181.02,59221.93,3,-2877.3,413.54,-3290.84,-1.82,358.21,10.64,15.34,27.08,1.915,Signal,bull,7
BB Squeeze Breakout,Nifty 50,2010-03-02,2010-04-15,5019.51,5270.96,18,4526.19,220.8,4305.39,4.77,185.23,5.5,15.34,13.55,0.9902,Signal,bull,44
BB Squeeze Breakout,Nifty 50,2010-07-12,2010-07-30,5385.69,5364.92,18,-373.95,230.37,-604.32,-0.62,193.51,5.75,15.34,14.54,1.0345,Signal,bull,18
BB Squeeze Breakout,Nifty 50,2010-08-19,2010-08-27,5542.97,5406.0,17,-2328.57,222.32,-2550.89,-2.71,186.13,5.53,15.34,14.13,0.9951,Signal,bull,8
BB Squeeze Breakout,Nifty 50,2010-09-06,2010-10-15,5579.74,6059.62,17,8157.96,234.57,7923.39,8.35,197.87,5.88,15.34,14.23,1.0578,Signal,bull,39
BB Squeeze Breakout,Nifty 50,2010-11-04,2010-11-12,6284.94,6068.61,16,-3461.23,235.21,-3696.44,-3.68,197.66,5.87,15.34,15.08,1.0567,Signal,bull,8
BB Squeeze Breakout,Nifty 50,2010-12-31,2011-01-07,6137.57,5901.65,16,-3774.71,229.64,-4004.35,-4.08,192.63,5.72,15.34,14.73,1.0298,Signal,bull,7
BB Squeeze Breakout,Nifty 50,2011-03-25,2011-04-28,5657.08,5782.56,17,2133.17,231.25,1901.92,1.98,194.47,5.78,15.34,14.43,1.0397,Signal,sideways,34
BB Squeeze Breakout,Nifty 50,2011-10-28,2011-11-11,5363.38,5166.27,18,-3548.07,226.19,-3774.26,-3.91,189.53,5.63,15.34,14.48,1.0132,Signal,bear,14
BB Squeeze Breakout,Nifty 50,2012-01-17,2012-02-27,4969.78,5278.56,19,5866.75,231.24,5635.51,5.97,194.72,5.78,15.34,14.16,1.041,Signal,sideways,41
BB Squeeze Breakout,Nifty 50,2012-06-07,2012-07-16,5052.17,5194.65,19,2707.06,231.45,2475.61,2.58,194.69,5.78,15.34,14.4,1.0408,Signal,sideways,39
BB Squeeze Breakout,Nifty 50,2012-09-14,2012-10-05,5580.44,5297.44,18,-5093.96,233.27,-5327.23,-5.3,195.8,5.82,15.34,15.07,1.0468,StopLoss,bull,21
BB Squeeze Breakout,Nifty 50,2012-11-29,2012-12-21,5827.91,5844.78,16,269.82,222.82,47.0,0.05,186.76,5.55,15.34,13.99,0.9984,Signal,bull,22
BB Squeeze Breakout,Nifty 50,2013-01-03,2013-02-01,6012.5,5995.9,16,-265.67,228.83,-494.5,-0.51,192.13,5.71,15.34,14.43,1.0272,Signal,bull,29
BB Squeeze Breakout,Nifty 50,2013-04-22,2013-05-23,5837.32,5964.07,16,2027.99,224.98,1803.01,1.93,188.82,5.61,15.34,14.01,1.0094,Signal,bull,31
BB Squeeze Breakout,Nifty 50,2013-09-10,2013-09-30,5899.7,5732.43,16,-2676.26,222.32,-2898.58,-3.07,186.11,5.53,15.34,14.16,0.995,Signal,sideways,20
BB Squeeze Breakout,Nifty 50,2013-12-09,2013-12-13,6367.08,6165.32,15,-3026.49,224.43,-3250.92,-3.4,187.99,5.58,15.34,14.33,1.005,Signal,bull,4
BB Squeeze Breakout,Nifty 50,2014-02-26,2014-04-29,6241.92,6711.89,14,6579.62,216.34,6363.28,7.28,181.35,5.39,15.34,13.11,0.9695,Signal,bull,62
BB Squeeze Breakout,Nifty 50,2014-05-12,2014-06-26,7017.76,7489.45,14,6603.75,240.5,6363.25,6.48,203.1,6.03,15.34,14.74,1.0858,Signal,bull,45
BB Squeeze Breakout,Nifty 50,2014-07-07,2014-07-09,7791.04,7581.21,13,-2727.87,237.58,-2965.45,-2.93,199.84,5.94,15.34,15.19,1.0683,Signal,bull,2
BB Squeeze Breakout,Nifty 50,2014-10-30,2014-12-08,8173.28,8434.03,12,3128.95,236.52,2892.43,2.95,199.29,5.92,15.34,14.71,1.0654,Signal,bull,39
BB Squeeze Breakout,Nifty 50,2015-01-15,2015-02-09,8498.4,8522.09,12,284.27,242.25,42.02,0.04,204.25,6.07,15.34,15.3,1.0919,Signal,bull,25
BB Squeeze Breakout,Nifty 50,2015-07-16,2015-07-27,8612.35,8356.82,12,-3066.41,241.81,-3308.22,-3.2,203.63,6.05,15.34,15.5,1.0886,Signal,sideways,11
BB Squeeze Breakout,Nifty 50,2015-10-05,2015-10-29,8123.36,8107.69,12,-187.98,231.76,-419.74,-0.43,194.77,5.78,15.34,14.62,1.0413,Signal,bear,24
BB Squeeze Breakout,Nifty 50,2016-04-13,2016-05-03,7854.38,7743.13,12,-1334.99,223.39,-1558.38,-1.65,187.17,5.56,15.34,14.14,1.0006,Signal,bear,20
BB Squeeze Breakout,Nifty 50,2016-05-26,2016-06-24,8073.68,8084.56,12,130.45,230.76,-100.31,-0.1,193.9,5.76,15.34,14.53,1.0366,Signal,bull,29
BB Squeeze Breakout,Nifty 50,2016-07-04,2016-08-04,8374.89,8546.82,11,1891.32,222.01,1669.31,1.81,186.14,5.53,15.34,13.82,0.9951,Signal,bull,31
BB Squeeze Breakout,Nifty 50,2016-08-31,2016-09-12,8790.59,8711.24,11,-872.87,229.3,-1102.17,-1.14,192.52,5.72,15.34,14.5,1.0292,Signal,bull,12
BB Squeeze Breakout,Nifty 50,2017-01-11,2017-04-13,8384.84,9146.22,11,8375.22,228.97,8146.25,8.83,192.84,5.73,15.34,13.83,1.0309,Signal,bull,92
BB Squeeze Breakout,Nifty 50,2017-04-26,2017-05-24,9356.53,9355.87,11,-7.22,244.03,-251.25,-0.24,205.84,6.11,15.34,15.44,1.1004,Signal,bull,28
BB Squeeze Breakout,Nifty 50,2017-05-26,2017-06-23,9599.9,9570.16,11,-327.08,249.65,-576.73,-0.55,210.87,6.26,15.34,15.84,1.1273,Signal,bull,28
BB Squeeze Breakout,Nifty 50,2017-07-10,2017-08-09,9775.94,9903.1,10,1271.6,233.89,1037.71,1.06,196.79,5.84,15.34,14.66,1.052,Signal,bull,30
BB Squeeze Breakout,Nifty 50,2017-09-12,2017-09-22,10098.1,9959.42,10,-1386.78,238.29,-1625.07,-1.61,200.58,5.96,15.34,15.15,1.0723,Signal,bull,10
BB Squeeze Breakout,Nifty 50,2018-01-15,2018-02-02,10746.92,10755.22,9,74.69,230.34,-155.65,-0.16,193.52,5.75,15.34,14.51,1.0346,Signal,bull,18
BB Squeeze Breakout,Nifty 50,2018-07-10,2018-09-04,10952.72,11514.54,9,5056.34,239.62,4816.72,4.89,202.21,6.01,15.34,14.79,1.081,Signal,bull,56
BB Squeeze Breakout,Nifty 50,2018-11-29,2018-12-06,10864.13,10595.85,10,-2682.8,253.97,-2936.77,-2.7,214.6,6.37,15.34,16.3,1.1473,Signal,sideways,7
BB Squeeze Breakout,Nifty 50,2019-02-06,2019-02-12,11067.98,10825.98,9,-2177.97,234.43,-2412.4,-2.42,197.05,5.85,15.34,14.94,1.0534,Signal,sideways,6
BB Squeeze Breakout,Nifty 50,2019-03-11,2019-04-22,11173.63,11588.65,9,3735.17,242.67,3492.5,3.47,204.86,6.08,15.34,15.08,1.0952,Signal,bull,42
BB Squeeze Breakout,Nifty 50,2019-09-20,2019-10-04,11279.84,11169.16,9,-996.07,239.89,-1235.96,-1.22,202.04,6.0,15.34,15.23,1.0801,Signal,sideways,14
BB Squeeze Breakout,Nifty 50,2019-11-28,2019-12-06,12157.23,11915.54,8,-1933.49,229.45,-2162.94,-2.22,192.58,5.72,15.34,14.59,1.0295,Signal,bull,8
BB Squeeze Breakout,Nifty 50,2019-12-19,2020-01-06,12265.83,11987.05,8,-2230.21,231.08,-2461.29,-2.51,194.02,5.76,15.34,14.72,1.0372,Signal,bull,18
BB Squeeze Breakout,Nifty 50,2020-06-01,2020-08-03,9831.06,10886.15,10,10550.9,244.73,10306.17,10.48,207.17,6.15,15.34,14.75,1.1075,Signal,bear,63
BB Squeeze Breakout,Nifty 50,2020-11-05,2021-01-08,12126.36,14301.95,9,19580.31,278.14,19302.17,17.69,237.85,7.06,15.34,16.37,1.2716,TakeProfit,bull,64
BB Squeeze Breakout,Nifty 50,2021-08-03,2021-10-01,16138.82,17523.28,8,11075.76,313.71,10762.05,8.34,269.3,8.0,15.34,19.37,1.4397,Signal,bull,59
BB Squeeze Breakout,Nifty 50,2021-10-13,2021-10-28,18170.83,17848.32,7,-2257.57,295.64,-2553.21,-2.01,252.13,7.49,15.34,19.08,1.3479,Signal,bull,15
BB Squeeze Breakout,Nifty 50,2022-01-04,2022-01-21,17814.15,17608.34,7,-1440.68,290.94,-1731.62,-1.39,247.96,7.36,15.34,18.7,1.3256,Signal,bull,17
BB Squeeze Breakout,Nifty 50,2022-07-08,2022-08-29,16228.71,17304.24,8,8604.27,312.75,8291.52,6.39,268.26,7.97,15.34,19.47,1.4341,Signal,sideways,52
BB Squeeze Breakout,Nifty 50,2022-10-31,2022-12-12,18021.21,18487.9,8,3733.57,339.57,3394.0,2.35,292.07,8.67,15.34,21.63,1.5614,Signal,bull,42
BB Squeeze Breakout,Nifty 50,2023-04-11,2023-06-23,17731.16,18656.17,8,7400.04,338.21,7061.83,4.98,291.1,8.65,15.34,21.28,1.5562,Signal,sideways,73
BB Squeeze Breakout,Nifty 50,2023-06-30,2023-08-02,19198.65,19516.79,8,2545.14,359.27,2185.87,1.42,309.72,9.2,15.34,23.04,1.6558,Signal,bull,33
BB Squeeze Breakout,Nifty 50,2023-09-07,2023-09-22,19736.91,19664.41,7,-507.51,321.81,-829.32,-0.6,275.81,8.19,15.34,20.72,1.4745,Signal,bull,15
BB Squeeze Breakout,Nifty 50,2023-12-04,2024-01-17,20697.14,21561.16,7,6048.13,343.54,5704.59,3.94,295.81,8.79,15.34,21.73,1.5814,Signal,bull,44
BB Squeeze Breakout,Nifty 50,2024-05-23,2024-06-04,22979.13,21813.8,7,-8157.31,364.32,-8521.63,-5.3,313.55,9.31,15.34,24.13,1.6762,StopLoss,bull,12
BB Squeeze Breakout,Nifty 50,2024-09-20,2024-10-03,25803.84,25237.47,5,-2831.85,299.1,-3130.95,-2.43,255.21,7.58,15.34,19.35,1.3643,Signal,bull,13
BB Squeeze Breakout,Nifty 50,2025-02-04,2025-02-11,23751.12,23060.26,6,-4145.13,327.71,-4472.84,-3.14,280.87,8.34,15.34,21.38,1.5015,Signal,bear,7
BB Squeeze Breakout,Nifty 50,2025-03-20,2025-04-04,23202.25,22893.0,6,-1855.49,322.76,-2178.25,-1.56,276.57,8.21,15.34,20.88,1.4786,Signal,bear,15
BB Squeeze Breakout,Nifty 50,2025-05-15,2025-06-03,25074.63,24530.23,5,-2722.01,291.11,-3013.12,-2.4,248.02,7.37,15.34,18.81,1.3259,Signal,sideways,19
BB Squeeze Breakout,Nifty 50,2025-06-26,2025-07-11,25561.77,25137.27,5,-2122.5,297.14,-2419.64,-1.89,253.5,7.53,15.34,19.17,1.3552,Signal,bull,15
BB Squeeze Breakout,Nifty 50,2025-10-17,2025-11-06,25722.7,25496.94,5,-1128.8,299.96,-1428.76,-1.11,256.1,7.61,15.34,19.29,1.3691,Signal,bull,20
BB Squeeze Breakout,Nifty 50,2026-01-02,2026-01-08,26341.72,25863.91,5,-2389.02,305.53,-2694.55,-2.05,261.03,7.75,15.34,19.76,1.3955,Signal,bull,6
Bollinger Band Bounce,Bank Nifty,2009-07-10,2009-07-17,6523.78,7227.35,14,9849.92,228.5,9621.42,10.53,192.52,5.72,15.34,13.7,1.0292,Signal,bull,7
Bollinger Band Bounce,Bank Nifty,2009-12-15,2009-12-31,8738.72,9024.88,11,3147.82,232.2,2915.62,3.03,195.4,5.8,15.34,14.42,1.0446,Signal,bull,16
Bollinger Band Bounce,Bank Nifty,2010-01-22,2010-01-27,8776.94,8419.54,12,-4288.76,244.93,-4533.69,-4.3,206.36,6.13,15.34,15.8,1.1032,StopLoss,bull,5
Bollinger Band Bounce,Bank Nifty,2010-01-27,2010-02-18,8333.87,8569.51,12,2827.75,240.49,2587.26,2.59,202.84,6.02,15.34,15.0,1.0844,Signal,bull,22
Bollinger Band Bounce,Bank Nifty,2010-05-19,2010-06-03,9112.8,9382.9,11,2971.09,241.16,2729.93,2.72,203.45,6.04,15.34,15.04,1.0877,Signal,bull,15
Bollinger Band Bounce,Bank Nifty,2010-12-09,2010-12-30,11121.48,11623.35,9,4516.84,242.44,4274.4,4.27,204.7,6.08,15.34,15.01,1.0943,Signal,bull,21
Bollinger Band Bounce,Bank Nifty,2012-05-04,2012-05-09,9807.14,9407.79,11,-4392.81,250.5,-4643.31,-4.3,211.36,6.28,15.34,16.18,1.13,StopLoss,bull,5
Bollinger Band Bounce,Bank Nifty,2012-07-26,2012-08-06,10088.72,10457.05,10,3683.23,243.34,3439.89,3.41,205.46,6.1,15.34,15.13,1.0984,Signal,bull,11
Bollinger Band Bounce,Bank Nifty,2012-08-28,2012-09-12,10064.31,10178.24,10,1139.28,240.16,899.12,0.89,202.43,6.01,15.34,15.1,1.0822,Signal,bull,15
Bollinger Band Bounce,Bank Nifty,2013-02-06,2013-02-26,12423.76,11917.87,8,-4047.17,232.0,-4279.17,-4.31,194.73,5.78,15.34,14.91,1.041,StopLoss,bull,20
Bollinger Band Bounce,Bank Nifty,2013-02-26,2013-03-08,11850.63,12191.01,9,3063.38,255.51,2807.87,2.63,216.37,6.43,15.34,16.0,1.1567,Signal,bull,10
Bollinger Band Bounce,Bank Nifty,2014-07-11,2014-07-16,14454.26,15257.64,7,5623.69,246.0,5377.69,5.31,207.98,6.18,15.34,15.18,1.1119,Signal,bull,5
Bollinger Band Bounce,Bank Nifty,2014-09-25,2014-10-14,15306.52,15743.49,7,3058.79,256.6,2802.19,2.62,217.35,6.46,15.34,16.07,1.162,Signal,bull,19
Bollinger Band Bounce,Bank Nifty,2015-03-26,2015-04-09,17840.36,18866.19,6,6155.0,259.57,5895.43,5.51,220.24,6.54,15.34,16.06,1.1774,Signal,bull,14
Bollinger Band Bounce,Bank Nifty,2016-09-29,2016-10-20,19193.02,19648.64,6,2733.73,274.06,2459.67,2.14,233.05,6.92,15.34,17.27,1.2459,Signal,bull,21
Bollinger Band Bounce,Bank Nifty,2016-11-21,2016-12-09,18455.41,18686.24,6,1384.97,262.83,1122.14,1.01,222.85,6.62,15.34,16.61,1.1914,Signal,bull,18
Bollinger Band Bounce,Bank Nifty,2016-12-20,2017-01-06,18078.22,18254.66,7,1235.02,297.82,937.2,0.74,254.33,7.55,15.34,18.98,1.3596,Signal,sideways,17
Bollinger Band Bounce,Bank Nifty,2017-09-27,2017-10-13,23824.58,24676.52,5,4259.7,284.46,3975.24,3.34,242.51,7.2,15.34,17.87,1.2964,Signal,bull,16
Bollinger Band Bounce,Bank Nifty,2017-12-06,2017-12-15,24863.94,25427.29,5,2816.74,294.51,2522.23,2.03,251.46,7.47,15.34,18.65,1.3443,Signal,bull,9
Bollinger Band Bounce,Bank Nifty,2018-09-05,2018-09-19,27389.42,26274.12,4,-4461.19,254.17,-4715.36,-4.3,214.65,6.38,15.34,16.43,1.1475,StopLoss,bull,14
Bollinger Band Bounce,Bank Nifty,2019-01-28,2019-01-31,26666.07,27281.49,4,2461.67,254.91,2206.76,2.07,215.79,6.41,15.34,16.0,1.1536,Signal,bull,3
Bollinger Band Bounce,Bank Nifty,2019-05-08,2019-05-20,29008.56,30743.96,4,6941.61,280.37,6661.24,5.74,239.01,7.1,15.34,17.41,1.2777,Signal,bull,12
Bollinger Band Bounce,Bank Nifty,2019-07-19,2019-07-31,29784.89,28572.05,4,-4851.36,275.05,-5126.41,-4.3,233.43,6.93,15.34,17.87,1.2479,StopLoss,bull,12
Bollinger Band Bounce,Bank Nifty,2020-01-20,2020-02-03,31095.83,29829.61,4,-5064.89,286.48,-5351.37,-4.3,243.7,7.24,15.34,18.66,1.3028,StopLoss,bull,14
Bollinger Band Bounce,Bank Nifty,2021-01-27,2021-02-01,30299.34,33072.12,4,11091.13,296.14,10794.99,8.91,253.49,7.53,15.34,18.18,1.3551,Signal,bull,5
Bollinger Band Bounce,Bank Nifty,2021-03-18,2021-03-25,33873.33,32494.01,4,-5517.29,310.7,-5827.99,-4.3,265.47,7.88,15.34,20.32,1.4192,StopLoss,bull,7
Bollinger Band Bounce,Bank Nifty,2021-04-12,2021-04-27,30807.04,32718.6,4,7646.25,297.09,7349.16,5.96,254.1,7.55,15.34,18.48,1.3584,Signal,bull,15
Bollinger Band Bounce,Bank Nifty,2021-11-22,2021-11-29,37146.94,35634.31,3,-4537.87,258.27,-4796.14,-4.3,218.34,6.48,15.34,16.72,1.1673,StopLoss,bull,7
Bollinger Band Bounce,Bank Nifty,2021-11-29,2021-12-08,35994.02,37265.62,3,3814.81,259.24,3555.57,3.29,219.78,6.53,15.34,16.2,1.1749,Signal,bull,9
Bollinger Band Bounce,Bank Nifty,2022-09-28,2022-10-14,37778.29,39285.49,3,4521.59,271.87,4249.72,3.75,231.19,6.87,15.34,17.0,1.2359,Signal,bull,16
Bollinger Band Bounce,Bank Nifty,2022-12-22,2022-12-29,42429.51,43230.22,3,2402.13,300.68,2101.45,1.65,256.98,7.63,15.34,19.09,1.3738,Signal,bull,7
Bollinger Band Bounce,Bank Nifty,2023-01-27,2023-02-14,40365.47,41627.53,3,3786.16,288.35,3497.81,2.89,245.98,7.31,15.34,18.16,1.315,Signal,bull,18
Bollinger Band Bounce,Bank Nifty,2023-06-15,2023-06-27,43465.32,44099.44,3,1902.35,307.06,1595.29,1.22,262.69,7.8,15.34,19.56,1.4044,Signal,bull,12
Bollinger Band Bounce,Bank Nifty,2024-01-17,2024-02-14,46087.48,45885.35,3,-606.4,321.94,-928.34,-0.67,275.92,8.19,15.34,20.74,1.4751,Signal,bull,28
Bollinger Band Bounce,Bank Nifty,2024-07-24,2024-08-20,51342.66,50777.75,2,-1129.82,242.35,-1372.17,-1.34,204.24,6.07,15.34,15.4,1.0919,Signal,bull,27
Bollinger Band Bounce,Bank Nifty,2024-12-20,2025-01-10,50784.58,48716.63,2,-4135.9,236.75,-4372.65,-4.31,199.0,5.91,15.34,15.24,1.0639,StopLoss,bull,21
Bollinger Band Bounce,Bank Nifty,2025-07-28,2025-08-19,56112.94,55837.22,2,-551.45,264.14,-815.59,-0.73,223.9,6.65,15.34,16.83,1.197,Signal,bull,22
Bollinger Band Bounce,Bank Nifty,2025-08-26,2025-09-11,54477.67,54642.27,2,329.18,257.79,71.39,0.07,218.24,6.48,15.34,16.34,1.1667,Signal,bull,16
Bollinger Band Bounce,Bank Nifty,2026-01-23,2026-01-28,58502.34,59569.0,2,2133.33,277.55,1855.78,1.59,236.14,7.01,15.34,17.55,1.2624,Signal,bull,5
Bollinger Band Bounce,Bank Nifty,2026-03-04,2026-03-09,58784.63,56390.92,2,-4787.42,271.63,-5059.05,-4.3,230.35,6.84,15.34,17.64,1.2315,StopLoss,bull,5
Bollinger Band Bounce,Nifty 50,2009-07-10,2009-07-15,4005.9,4231.38,23,5186.07,225.45,4960.62,5.38,189.46,5.63,15.34,13.82,1.0128,Signal,bull,5
Bollinger Band Bounce,Nifty 50,2009-10-27,2009-11-03,4849.12,4651.67,20,-3949.13,226.75,-4175.88,-4.31,190.02,5.64,15.34,14.55,1.0158,StopLoss,bull,7
Bollinger Band Bounce,Nifty 50,2009-11-03,2009-11-11,4566.18,5001.45,20,8705.33,227.29,8478.04,9.28,191.35,5.68,15.34,13.7,1.023,Signal,bull,8
Bollinger Band Bounce,Nifty 50,2010-01-22,2010-01-27,5038.52,4833.35,20,-4103.37,235.01,-4338.38,-4.31,197.44,5.86,15.34,15.12,1.0555,StopLoss,bull,5
Bollinger Band Bounce,Nifty 50,2010-01-27,2010-02-17,4855.53,4911.54,20,1120.33,232.29,888.04,0.91,195.34,5.8,15.34,14.57,1.0443,Signal,bull,21
Bollinger Band Bounce,Nifty 50,2010-05-04,2010-05-19,5151.07,4941.32,19,-3985.28,228.69,-4213.97,-4.31,191.76,5.7,15.34,14.68,1.0251,StopLoss,bull,15
Bollinger Band Bounce,Nifty 50,2011-01-10,2011-01-28,5765.73,5530.95,16,-3756.49,216.44,-3972.93,-4.31,180.75,5.37,15.34,13.84,0.9663,StopLoss,bull,18
Bollinger Band Bounce,Nifty 50,2012-11-16,2012-11-27,5576.84,5724.59,16,2363.99,216.07,2147.92,2.41,180.82,5.37,15.34,13.38,0.9667,Signal,bull,11
Bollinger Band Bounce,Nifty 50,2013-02-08,2013-03-04,5906.45,5665.94,16,-3848.17,221.35,-4069.52,-4.31,185.16,5.5,15.34,14.18,0.9899,StopLoss,bull,24
Bollinger Band Bounce,Nifty 50,2014-02-03,2014-02-18,6004.8,6124.04,15,1788.54,217.34,1571.2,1.74,181.93,5.4,15.34,13.51,0.9726,Signal,bull,15
Bollinger Band Bounce,Nifty 50,2014-10-16,2014-10-22,7752.07,7991.9,11,2638.1,207.56,2430.54,2.85,173.18,5.14,15.34,12.79,0.9258,Signal,bull,6
Bollinger Band Bounce,Nifty 50,2014-12-11,2014-12-17,8297.05,7959.19,11,-3716.41,214.29,-3930.7,-4.31,178.82,5.31,15.34,13.69,0.956,StopLoss,bull,6
Bollinger Band Bounce,Nifty 50,2014-12-17,2015-01-02,8033.81,8391.25,11,3931.82,215.78,3716.04,4.2,180.68,5.37,15.34,13.26,0.9659,Signal,bull,16
Bollinger Band Bounce,Nifty 50,2015-03-26,2015-04-06,8346.32,8655.57,11,3401.74,222.87,3178.87,3.46,187.02,5.55,15.34,13.77,0.9998,Signal,bull,11
Bollinger Band Bounce,Nifty 50,2016-09-29,2016-10-20,8595.55,8695.05,11,1094.56,226.58,867.98,0.92,190.2,5.65,15.34,14.18,1.0168,Signal,bull,21
Bollinger Band Bounce,Nifty 50,2016-11-02,2016-11-09,8518.26,8171.39,11,-3815.5,219.6,-4035.1,-4.31,183.59,5.45,15.34,14.06,0.9815,StopLoss,bull,7
Bollinger Band Bounce,Nifty 50,2016-11-11,2016-11-21,8300.45,7962.45,11,-3717.94,214.38,-3932.32,-4.31,178.89,5.31,15.34,13.7,0.9564,StopLoss,sideways,10
Bollinger Band Bounce,Nifty 50,2017-06-27,2017-07-03,9516.16,9610.19,9,846.33,206.53,639.8,0.75,172.14,5.11,15.34,12.85,0.9202,Signal,bull,6
Bollinger Band Bounce,Nifty 50,2017-08-11,2017-08-31,9715.66,9912.94,9,1775.58,211.48,1564.1,1.79,176.66,5.25,15.34,13.12,0.9444,Signal,bull,20
Bollinger Band Bounce,Nifty 50,2017-09-27,2017-10-06,9740.62,9974.71,9,2106.83,212.32,1894.51,2.16,177.44,5.27,15.34,13.15,0.9486,Signal,bull,9
Bollinger Band Bounce,Nifty 50,2018-03-06,2018-03-12,10254.37,10416.19,9,1456.34,221.92,1234.42,1.34,186.04,5.53,15.34,13.84,0.9945,Signal,bull,6
Bollinger Band Bounce,Nifty 50,2018-05-21,2018-05-28,10521.96,10683.31,9,1452.13,227.27,1224.86,1.29,190.85,5.67,15.34,14.2,1.0203,Signal,bull,7
Bollinger Band Bounce,Nifty 50,2018-09-11,2018-10-01,11293.14,10833.29,8,-3678.85,212.28,-3891.13,-4.31,177.01,5.26,15.34,13.55,0.9463,StopLoss,bull,20
Bollinger Band Bounce,Nifty 50,2019-05-08,2019-05-20,11365.13,11822.34,8,3657.65,221.16,3436.49,3.78,185.5,5.51,15.34,13.64,0.9917,Signal,bull,12
Bollinger Band Bounce,Nifty 50,2019-07-10,2019-07-31,11504.65,11036.18,8,-3747.75,215.97,-3963.72,-4.31,180.33,5.36,15.34,13.81,0.964,StopLoss,bull,21
Bollinger Band Bounce,Nifty 50,2020-02-03,2020-02-12,11713.75,12195.1,7,3369.42,201.03,3168.39,3.86,167.36,4.97,15.34,12.3,0.8947,Signal,bull,9
Bollinger Band Bounce,Nifty 50,2020-09-22,2020-10-01,11159.23,11411.24,8,2016.12,215.8,1800.32,2.02,180.56,5.36,15.34,13.39,0.9653,Signal,bull,9
Bollinger Band Bounce,Nifty 50,2021-01-29,2021-02-02,13641.42,14640.53,7,6993.76,234.77,6758.99,7.08,197.97,5.88,15.34,14.32,1.0584,Signal,bull,4
Bollinger Band Bounce,Nifty 50,2021-03-25,2021-03-30,14332.06,14837.68,7,3539.3,241.94,3297.36,3.29,204.19,6.06,15.34,15.05,1.0916,Signal,bull,5
Bollinger Band Bounce,Nifty 50,2021-11-26,2021-12-09,17034.96,17508.09,6,2838.77,245.4,2593.37,2.54,207.26,6.16,15.34,15.33,1.108,Signal,bull,13
Bollinger Band Bounce,Nifty 50,2022-09-26,2022-10-17,17024.81,17303.14,6,1670.02,244.05,1425.97,1.4,205.97,6.12,15.34,15.32,1.1011,Signal,bull,21
Bollinger Band Bounce,Nifty 50,2022-12-21,2023-01-17,18208.2,18044.27,6,-983.55,257.08,-1240.63,-1.14,217.51,6.46,15.34,16.39,1.1628,Signal,bull,27
Bollinger Band Bounce,Nifty 50,2023-01-30,2023-02-09,17657.77,17884.5,6,1360.37,252.17,1108.2,1.05,213.25,6.33,15.34,15.89,1.1401,Signal,bull,10
Bollinger Band Bounce,Nifty 50,2023-10-25,2023-11-06,19131.71,19402.04,5,1351.66,229.3,1122.36,1.17,192.67,5.72,15.34,14.35,1.03,Signal,bull,12
Bollinger Band Bounce,Nifty 50,2024-08-05,2024-08-16,24067.63,24528.88,4,1845.01,231.17,1613.84,1.68,194.39,5.77,15.34,14.44,1.0392,Signal,bull,11
Bollinger Band Bounce,Nifty 50,2024-11-13,2024-11-25,23570.83,24209.79,4,2555.84,227.49,2328.35,2.47,191.12,5.68,15.34,14.14,1.0217,Signal,sideways,12
Bollinger Band Bounce,Nifty 50,2025-07-28,2025-08-18,24693.24,24864.51,4,685.08,235.53,449.55,0.46,198.23,5.89,15.34,14.82,1.0597,Signal,bull,21
Bollinger Band Bounce,Nifty 50,2026-01-20,2026-02-03,25245.12,25714.69,4,1878.28,241.67,1636.61,1.62,203.84,6.05,15.34,15.15,1.0897,Signal,bull,14
Golden Cross,Bank Nifty,2012-03-14,2012-03-23,10895.02,10124.77,8,-6162.0,202.63,-6364.63,-7.3,168.16,4.99,15.34,13.07,0.899,StopLoss,bull,9
Golden Cross,Bank Nifty,2018-05-23,2018-09-21,25697.49,25820.46,3,368.89,187.03,181.86,0.24,154.55,4.59,15.34,11.56,0.8262,TrailingStop,bull,121
Golden Cross,Bank Nifty,2019-01-02,2019-07-24,27187.97,28908.28,3,5160.92,201.93,4958.99,6.08,168.29,5.0,15.34,12.23,0.8997,TrailingStop,bull,203
Golden Cross,Bank Nifty,2022-08-30,2022-09-28,39556.06,38055.05,2,-3002.01,188.02,-3190.03,-4.03,155.22,4.61,15.34,11.87,0.8298,TrailingStop,bull,29
Golden Cross,Bank Nifty,2025-05-08,2026-03-09,54392.83,56177.91,1,1785.08,138.06,1647.02,3.03,110.57,3.28,15.34,8.16,0.5911,TrailingStop,bull,305
Golden Cross,Nifty 50,2009-05-27,2009-06-18,4278.19,4268.68,22,-209.24,224.27,-433.51,-0.46,188.03,5.58,15.34,14.12,1.0052,TrailingStop,bull,22
Golden Cross,Nifty 50,2012-03-14,2012-05-04,5466.63,5080.15,17,-6570.11,215.04,-6785.15,-7.3,179.3,5.33,15.34,13.94,0.9585,StopLoss,bull,51
Golden Cross,Nifty 50,2013-11-01,2015-03-27,6310.35,8294.32,13,25791.6,224.35,25567.25,31.17,189.86,5.64,15.34,12.31,1.015,TrailingStop,bull,511
Golden Cross,Nifty 50,2016-05-31,2016-11-09,8164.18,8157.44,13,-87.67,251.09,-338.76,-0.32,212.18,6.3,15.34,15.92,1.1343,TrailingStop,bull,162
Golden Cross,Nifty 50,2017-02-17,2018-03-07,8826.11,10161.03,12,16018.99,267.29,15751.7,14.87,227.85,6.77,15.34,15.89,1.2181,TrailingStop,bull,383
Golden Cross,Nifty 50,2019-11-11,2020-02-28,11919.41,11306.1,10,-6133.08,273.85,-6406.93,-5.38,232.26,6.9,15.34,17.88,1.2416,TrailingStop,bull,109
Golden Cross,Nifty 50,2022-09-09,2023-03-13,17842.27,17179.12,6,-3978.87,249.1,-4227.97,-3.95,210.13,6.24,15.34,16.06,1.1233,TrailingStop,bull,185
Golden Cross,Nifty 50,2023-06-01,2024-11-04,18496.99,23900.43,6,32420.63,295.54,32125.09,28.95,254.38,7.56,15.34,16.65,1.3599,TrailingStop,bull,522
MACD Trend,Bank Nifty,2009-07-20,2009-08-07,7533.88,7245.79,12,-3457.04,212.65,-3669.69,-4.06,177.36,5.27,15.34,13.56,0.9481,Signal,bull,18
MACD Trend,Bank Nifty,2009-09-07,2009-10-09,7654.39,8692.35,11,11417.6,214.27,11203.33,13.31,179.81,5.34,15.34,12.63,0.9613,Signal,bull,32
MACD Trend,Bank Nifty,2009-10-12,2009-10-23,8968.18,9183.7,11,2370.75,237.01,2133.74,2.16,199.67,5.93,15.34,14.8,1.0674,Signal,bull,11
MACD Trend,Bank Nifty,2009-11-11,2009-11-26,9342.16,9063.01,11,-3070.64,240.51,-3311.15,-3.22,202.46,6.01,15.34,15.41,1.0823,Signal,bull,15
MACD Trend,Bank Nifty,2010-01-19,2010-01-21,9140.36,8914.74,11,-2481.88,236.19,-2718.07,-2.7,198.61,5.9,15.34,15.08,1.0617,Signal,bull,2
MACD Trend,Bank Nifty,2010-04-26,2010-05-04,9843.96,9618.78,10,-2251.8,231.75,-2483.55,-2.52,194.63,5.78,15.34,14.77,1.0405,Signal,bull,8
MACD Trend,Bank Nifty,2010-07-09,2010-08-27,9718.44,10721.96,9,9031.66,219.05,8812.61,10.08,183.96,5.46,15.34,13.12,0.9835,Signal,bull,49
MACD Trend,Bank Nifty,2010-09-09,2010-09-29,11452.29,12231.29,9,7010.98,251.64,6759.34,6.56,213.15,6.33,15.34,15.46,1.1395,Signal,bull,20
MACD Trend,Bank Nifty,2010-10-04,2010-10-06,12657.48,12622.74,8,-277.91,240.06,-517.97,-0.51,202.24,6.01,15.34,15.19,1.0812,Signal,bull,2
MACD Trend,Bank Nifty,2010-11-03,2010-11-12,12898.1,12450.93,8,-3577.36,240.92,-3818.28,-3.7,202.79,6.02,15.34,15.48,1.0841,Signal,bull,9
MACD Trend,Bank Nifty,2011-07-19,2011-07-20,11319.37,11158.99,9,-1443.48,240.22,-1683.7,-1.65,202.31,6.01,15.34,15.28,1.0815,Signal,bear,1
MACD Trend,Bank Nifty,2012-08-08,2012-08-09,10534.39,10440.56,9,-844.52,225.14,-1069.66,-1.13,188.77,5.61,15.34,14.22,1.0092,Signal,bull,1
MACD Trend,Bank Nifty,2012-11-29,2012-12-21,11998.66,12308.75,8,2480.74,231.21,2249.53,2.34,194.46,5.78,15.34,14.4,1.0396,Signal,bull,22
MACD Trend,Bank Nifty,2013-01-03,2013-01-08,12784.39,12718.99,8,-523.21,242.06,-765.27,-0.75,204.03,6.06,15.34,15.34,1.0907,Signal,bull,5
MACD Trend,Bank Nifty,2013-05-15,2013-05-23,13084.29,12630.04,8,-3634.01,244.17,-3878.18,-3.71,205.71,6.11,15.34,15.7,1.0998,Signal,bull,8
MACD Trend,Bank Nifty,2014-01-22,2014-01-27,11212.82,10532.15,9,-6126.07,233.24,-6359.31,-6.3,195.7,5.81,15.34,15.14,1.0462,StopLoss,bull,5
MACD Trend,Bank Nifty,2014-05-09,2014-05-16,13757.22,14632.62,6,5252.41,204.2,5048.21,6.12,170.34,5.06,15.34,12.38,0.9106,TrailingStop,bull,7
MACD Trend,Bank Nifty,2014-07-21,2014-08-01,15393.46,15120.06,6,-1640.42,218.87,-1859.29,-2.01,183.08,5.44,15.34,13.85,0.9788,Signal,bull,11
MACD Trend,Bank Nifty,2014-08-18,2014-09-16,15447.29,15835.99,6,2332.22,223.71,2108.51,2.27,187.7,5.57,15.34,13.9,1.0034,Signal,bull,29
MACD Trend,Bank Nifty,2014-10-17,2014-12-09,15937.58,18281.29,6,14062.28,242.4,13819.88,14.45,205.31,6.1,15.34,14.34,1.0976,Signal,bull,53
MACD Trend,Bank Nifty,2015-01-02,2015-01-06,19067.11,18421.32,5,-3228.94,223.84,-3452.78,-3.62,187.44,5.57,15.34,14.3,1.0021,Signal,bull,4
MACD Trend,Bank Nifty,2015-01-16,2015-02-03,19232.54,19434.07,5,1007.68,230.07,777.61,0.81,193.33,5.74,15.34,14.42,1.0336,TrailingStop,bull,18
MACD Trend,Bank Nifty,2015-03-02,2015-03-10,20017.87,19093.96,5,-4619.55,232.96,-4852.51,-4.85,195.56,5.81,15.34,15.01,1.0455,TrailingStop,bull,8
MACD Trend,Bank Nifty,2015-08-05,2015-08-11,18937.79,18607.38,5,-1652.09,224.04,-1876.13,-1.98,187.73,5.58,15.34,14.2,1.0036,Signal,sideways,6
MACD Trend,Bank Nifty,2015-11-27,2015-12-07,17379.43,16938.33,6,-2646.62,244.31,-2890.93,-2.77,205.91,6.12,15.34,15.64,1.1008,Signal,bear,10
MACD Trend,Bank Nifty,2016-04-18,2016-05-03,16230.62,16380.31,6,898.14,232.67,665.47,0.68,195.67,5.81,15.34,14.61,1.046,Signal,bear,15
MACD Trend,Bank Nifty,2016-05-26,2016-06-14,17367.78,17663.36,5,1477.9,209.84,1268.06,1.46,175.16,5.2,15.34,13.03,0.9364,Signal,bull,19
MACD Trend,Bank Nifty,2016-07-05,2016-07-29,18013.04,18943.45,5,4652.05,220.29,4431.76,4.92,184.78,5.49,15.34,13.51,0.9878,Signal,bull,24
MACD Trend,Bank Nifty,2016-08-18,2016-08-29,19362.25,19207.17,5,-775.42,229.66,-1005.08,-1.04,192.85,5.73,15.34,14.52,1.031,Signal,bull,11
MACD Trend,Bank Nifty,2016-08-30,2016-09-15,19541.09,19827.4,5,1431.56,233.93,1197.63,1.23,196.84,5.85,15.34,14.66,1.0523,Signal,bull,16
MACD Trend,Bank Nifty,2016-11-10,2016-11-16,20210.12,19098.32,5,-5558.96,234.12,-5793.08,-5.73,196.54,5.84,15.34,15.16,1.0507,Signal,bull,6
MACD Trend,Bank Nifty,2017-02-20,2017-02-27,20687.2,20602.5,4,-338.77,198.86,-537.63,-0.65,165.16,4.91,15.34,12.41,0.8829,Signal,bull,7
MACD Trend,Bank Nifty,2017-03-16,2017-03-20,21260.28,21099.45,4,-643.32,203.64,-846.96,-1.0,169.44,5.03,15.34,12.76,0.9058,Signal,bull,4
MACD Trend,Bank Nifty,2017-03-30,2017-04-10,21631.26,21509.14,4,-488.47,207.1,-695.57,-0.8,172.56,5.13,15.34,12.98,0.9225,Signal,bull,11
MACD Trend,Bank Nifty,2017-04-11,2017-04-12,21746.77,21655.72,4,-364.2,208.26,-572.46,-0.66,173.61,5.16,15.34,13.05,0.9281,Signal,bull,1
MACD Trend,Bank Nifty,2017-04-26,2017-05-18,22253.71,22686.99,4,1733.09,214.93,1518.16,1.71,179.76,5.34,15.34,13.35,0.961,Signal,bull,22
MACD Trend,Bank Nifty,2017-05-29,2017-06-12,23194.07,23458.44,4,1057.48,222.59,834.89,0.9,186.61,5.54,15.34,13.92,0.9976,Signal,bull,14
MACD Trend,Bank Nifty,2017-07-12,2017-08-08,23707.02,24586.92,4,3519.58,229.7,3289.88,3.47,193.18,5.74,15.34,14.22,1.0327,Signal,bull,27
MACD Trend,Bank Nifty,2017-10-13,2017-10-23,24701.21,24076.58,4,-2498.52,232.3,-2730.82,-2.76,195.11,5.79,15.34,14.82,1.0431,Signal,bull,10
MACD Trend,Bank Nifty,2017-10-25,2017-11-15,25048.13,25206.0,4,631.48,238.63,392.85,0.39,201.02,5.97,15.34,15.03,1.0746,Signal,bull,21
MACD Trend,Bank Nifty,2017-11-17,2017-11-29,25740.97,25782.5,4,166.14,244.31,-78.17,-0.08,206.09,6.12,15.34,15.44,1.1018,Signal,bull,12
MACD Trend,Bank Nifty,2017-12-19,2018-01-01,25728.76,25305.15,4,-1694.45,242.27,-1936.72,-1.88,204.14,6.06,15.34,15.44,1.0913,Signal,bull,13
MACD Trend,Bank Nifty,2018-01-08,2018-02-02,25688.64,26437.62,3,2246.94,188.92,2058.02,2.67,156.38,4.64,15.34,11.56,0.836,Signal,bull,25
MACD Trend,Bank Nifty,2018-04-27,2018-05-18,25407.0,25862.36,4,1821.44,243.05,1578.39,1.55,205.08,6.09,15.34,15.24,1.0963,Signal,sideways,21
MACD Trend,Bank Nifty,2018-05-31,2018-06-05,26969.36,26237.57,3,-2195.38,192.85,-2388.23,-2.95,159.62,4.74,15.34,12.14,0.8533,Signal,bull,5
MACD Trend,Bank Nifty,2018-07-10,2018-08-16,26907.69,27812.31,3,2713.88,197.53,2516.35,3.12,164.16,4.88,15.34,12.11,0.8776,Signal,bull,37
MACD Trend,Bank Nifty,2018-08-20,2018-08-23,28288.06,28013.56,3,-823.5,203.06,-1026.56,-1.21,168.9,5.02,15.34,12.73,0.903,Signal,bull,3
MACD Trend,Bank Nifty,2018-12-17,2018-12-24,27028.99,26701.08,3,-983.74,194.5,-1178.24,-1.45,161.19,4.79,15.34,12.16,0.8617,Signal,sideways,7
MACD Trend,Bank Nifty,2019-02-07,2019-02-12,27400.53,26996.93,3,-1210.79,196.75,-1407.54,-1.71,163.19,4.85,15.34,12.33,0.8724,Signal,bull,5
MACD Trend,Bank Nifty,2019-05-20,2019-06-10,30774.72,31018.12,3,730.2,221.25,508.95,0.55,185.38,5.51,15.34,13.85,0.991,Signal,bull,21
MACD Trend,Bank Nifty,2019-07-01,2019-07-08,31387.52,30588.19,3,-2397.98,222.09,-2620.07,-2.78,185.93,5.52,15.34,14.12,0.994,Signal,bull,7
MACD Trend,Bank Nifty,2019-12-20,2019-12-26,32400.76,31981.33,3,-1258.31,230.03,-1488.34,-1.53,193.15,5.74,15.34,14.58,1.0326,Signal,bull,6
MACD Trend,Bank Nifty,2020-07-22,2020-07-27,22893.78,21837.57,4,-4224.81,214.45,-4439.26,-4.85,178.93,5.31,15.34,13.74,0.9565,Signal,bear,5
MACD Trend,Bank Nifty,2020-10-05,2020-10-30,22381.87,23888.67,4,6027.19,220.52,5806.67,6.49,185.08,5.5,15.34,13.43,0.9894,Signal,sideways,25
MACD Trend,Bank Nifty,2020-11-02,2020-11-27,24904.66,29593.9,4,18756.98,256.13,18500.85,18.57,217.99,6.47,15.34,14.94,1.1654,Signal,bull,25
MACD Trend,Bank Nifty,2021-01-07,2021-01-18,31971.61,31795.48,3,-528.39,227.92,-756.31,-0.79,191.3,5.68,15.34,14.39,1.0227,Signal,bull,11
MACD Trend,Bank Nifty,2021-02-02,2021-02-22,34284.63,35239.16,3,2863.58,246.86,2616.72,2.54,208.57,6.19,15.34,15.43,1.115,Signal,bull,20
MACD Trend,Bank Nifty,2021-08-04,2021-08-20,36045.65,35015.93,3,-3089.15,252.43,-3341.58,-3.09,213.18,6.33,15.34,16.22,1.1397,Signal,bull,16
MACD Trend,Bank Nifty,2021-10-12,2021-10-29,38540.31,38881.63,3,1023.94,273.32,750.62,0.65,232.27,6.9,15.34,17.34,1.2417,TrailingStop,bull,17
MACD Trend,Bank Nifty,2022-02-02,2022-02-08,39349.71,38008.99,2,-2681.43,187.44,-2868.87,-3.65,154.72,4.6,15.34,11.8,0.8271,Signal,bull,6
MACD Trend,Bank Nifty,2022-02-10,2022-02-11,39030.0,38497.54,2,-1064.92,187.69,-1252.61,-1.6,155.06,4.61,15.34,11.71,0.8289,Signal,bull,1
MACD Trend,Bank Nifty,2022-09-09,2022-09-22,40435.44,40609.81,2,348.75,195.4,153.35,0.19,162.09,4.81,15.34,12.13,0.8665,Signal,bull,13
MACD Trend,Bank Nifty,2022-10-17,2022-12-02,39939.94,43081.7,2,6283.51,199.35,6084.16,7.62,166.04,4.93,15.34,11.98,0.8877,Signal,bull,46
MACD Trend,Bank Nifty,2022-12-14,2022-12-15,44070.61,43475.95,2,-1189.34,209.97,-1399.31,-1.59,175.09,5.2,15.34,13.22,0.936,Signal,bull,1
MACD Trend,Bank Nifty,2023-05-12,2023-05-17,43815.45,43676.85,2,-277.2,209.78,-486.98,-0.56,174.98,5.2,15.34,13.14,0.9355,Signal,bull,5
MACD Trend,Bank Nifty,2023-06-30,2023-07-13,44769.73,44642.72,2,-254.01,214.04,-468.05,-0.52,178.82,5.31,15.34,13.43,0.956,Signal,bull,13
MACD Trend,Bank Nifty,2023-07-17,2023-07-28,45472.47,45445.37,2,-54.21,217.37,-271.58,-0.3,181.84,5.4,15.34,13.64,0.9721,Signal,bull,11
MACD Trend,Bank Nifty,2023-12-28,2023-12-29,48532.81,48268.1,2,-529.4,230.48,-759.88,-0.78,193.6,5.75,15.34,14.56,1.035,Signal,bull,1
MACD Trend,Bank Nifty,2024-04-01,2024-04-18,47602.04,47045.91,2,-1112.25,225.74,-1337.99,-1.41,189.3,5.62,15.34,14.28,1.012,Signal,bull,17
MACD Trend,Bank Nifty,2024-04-29,2024-05-07,49448.76,48261.21,2,-2375.11,232.64,-2607.75,-2.64,195.42,5.8,15.34,14.83,1.0447,Signal,bull,8
MACD Trend,Bank Nifty,2024-05-24,2024-06-04,48996.13,47530.1,2,-2932.07,230.05,-3162.12,-3.23,193.05,5.73,15.34,14.7,1.0321,TrailingStop,bull,11
MACD Trend,Bank Nifty,2024-06-05,2024-07-08,49079.13,52399.59,2,6640.92,240.34,6400.58,6.52,202.96,6.03,15.34,14.72,1.085,Signal,bull,33
MACD Trend,Bank Nifty,2024-10-29,2024-11-13,52346.86,50063.31,2,-4567.1,243.25,-4810.35,-4.59,204.82,6.08,15.34,15.7,1.095,Signal,bull,15
MACD Trend,Bank Nifty,2024-11-25,2024-12-18,52233.6,52113.48,2,-240.25,247.23,-487.48,-0.47,208.69,6.2,15.34,15.67,1.1157,Signal,bull,23
MACD Trend,Bank Nifty,2025-03-18,2025-04-08,49339.16,50485.74,2,2293.17,236.99,2056.18,2.08,199.65,5.93,15.34,14.8,1.0673,Signal,sideways,21
MACD Trend,Bank Nifty,2025-04-15,2025-05-06,52405.69,54244.26,2,3677.15,252.05,3425.1,3.27,213.3,6.34,15.34,15.72,1.1403,Signal,sideways,21
MACD Trend,Bank Nifty,2025-06-09,2025-06-12,56868.02,56054.51,2,-1627.02,266.39,-1893.41,-1.66,225.85,6.71,15.34,17.06,1.2074,Signal,bull,3
MACD Trend,Bank Nifty,2025-06-26,2025-07-07,57235.3,56920.72,1,-314.58,142.2,-456.78,-0.8,114.16,3.39,15.34,8.59,0.6103,Signal,bull,11
MACD Trend,Bank Nifty,2025-10-01,2025-11-03,55375.62,58072.4,2,5393.55,267.03,5126.52,4.63,226.9,6.74,15.34,16.61,1.213,Signal,bull,33
MACD Trend,Bank Nifty,2025-11-18,2025-11-24,58928.7,58805.93,1,-122.77,146.16,-268.93,-0.46,117.73,3.5,15.34,8.84,0.6294,Signal,bull,6
MACD Trend,Bank Nifty,2025-11-27,2025-12-02,59767.17,59244.16,1,-523.01,147.61,-670.62,-1.12,119.01,3.53,15.34,8.97,0.6362,Signal,bull,5
MACD Trend,Bank Nifty,2026-01-02,2026-01-09,60181.02,59221.93,1,-959.1,148.07,-1107.17,-1.84,119.4,3.55,15.34,9.03,0.6383,Signal,bull,7
MACD Trend,Bank Nifty,2026-02-04,2026-02-27,60268.27,60498.74,1,230.47,149.5,80.97,0.13,120.77,3.59,15.34,9.04,0.6456,Signal,bull,23
MACD Trend,Nifty 50,2009-07-17,2009-08-10,4377.14,4398.05,21,439.13,220.05,219.08,0.24,184.28,5.47,15.34,13.79,0.9852,TrailingStop,bull,24
MACD Trend,Nifty 50,2009-08-25,2009-09-03,4661.68,4591.25,20,-1408.53,221.05,-1629.58,-1.75,185.06,5.5,15.34,13.99,0.9893,Signal,bull,9
MACD Trend,Nifty 50,2009-09-07,2009-10-06,4785.29,5024.89,19,4552.3,222.09,4330.21,4.76,186.39,5.54,15.34,13.64,0.9965,Signal,bull,29
MACD Trend,Nifty 50,2009-11-11,2009-12-14,5006.45,5103.15,19,1837.21,228.61,1608.6,1.69,192.08,5.7,15.34,14.27,1.0269,Signal,bull,33
MACD Trend,Nifty 50,2009-12-29,2010-01-19,5190.54,5223.04,19,617.37,235.12,382.25,0.39,197.86,5.88,15.34,14.79,1.0577,Signal,bull,21
MACD Trend,Nifty 50,2010-07-12,2010-07-28,5385.69,5394.85,18,164.87,230.93,-66.06,-0.07,194.05,5.76,15.34,14.54,1.0374,Signal,bull,16
MACD Trend,Nifty 50,2010-08-19,2010-08-25,5542.97,5459.62,17,-1416.97,223.26,-1640.23,-1.74,187.04,5.56,15.34,14.13,0.9999,Signal,bull,6
MACD Trend,Nifty 50,2010-09-06,2010-10-08,5579.74,6100.4,17,8851.22,235.29,8615.93,9.08,198.56,5.9,15.34,14.23,1.0615,Signal,bull,32
MACD Trend,Nifty 50,2010-11-04,2010-11-12,6284.94,6068.61,16,-3461.23,235.21,-3696.44,-3.68,197.66,5.87,15.34,15.08,1.0567,Signal,bull,8
MACD Trend,Nifty 50,2011-07-25,2011-07-26,5683.14,5572.06,18,-1999.39,240.58,-2239.97,-2.19,202.59,6.02,15.34,15.34,1.0831,Signal,bear,1
MACD Trend,Nifty 50,2011-12-02,2011-12-12,5052.67,4762.22,19,-5518.69,222.95,-5741.64,-5.98,186.48,5.54,15.34,14.4,0.9969,Signal,bear,10
MACD Trend,Nifty 50,2012-04-03,2012-04-09,5361.18,5231.78,17,-2199.74,215.58,-2415.32,-2.65,180.08,5.35,15.34,13.67,0.9627,Signal,bull,6
MACD Trend,Nifty 50,2012-08-02,2012-08-29,5230.36,5285.16,17,931.46,213.88,717.58,0.81,178.76,5.31,15.34,13.34,0.9557,Signal,bull,27
MACD Trend,Nifty 50,2012-09-12,2012-10-05,5433.72,5103.86,17,-5607.51,214.79,-5822.3,-6.3,179.14,5.32,15.34,13.86,0.9577,StopLoss,bull,23
MACD Trend,Nifty 50,2012-11-29,2012-12-17,5827.91,5854.97,15,405.88,210.01,195.87,0.22,175.24,5.2,15.34,13.11,0.9369,Signal,bull,18
MACD Trend,Nifty 50,2013-01-03,2013-01-10,6012.5,5965.67,14,-655.75,201.71,-857.46,-1.02,167.69,4.98,15.34,12.63,0.8965,Signal,bull,7
MACD Trend,Nifty 50,2013-01-15,2013-01-16,6059.63,5998.85,14,-850.91,202.97,-1053.88,-1.24,168.82,5.01,15.34,12.73,0.9025,Signal,bull,1
MACD Trend,Nifty 50,2013-01-17,2013-01-24,6042.22,6016.34,14,-362.31,202.93,-565.24,-0.67,168.82,5.01,15.34,12.69,0.9025,Signal,bull,7
MACD Trend,Nifty 50,2013-10-30,2013-11-06,6254.83,6212.04,13,-556.19,195.45,-751.64,-0.92,162.07,4.81,15.34,12.2,0.8664,Signal,bull,7
MACD Trend,Nifty 50,2013-12-02,2013-12-16,6220.96,6151.62,13,-901.37,194.11,-1095.48,-1.35,160.84,4.78,15.34,12.13,0.8599,Signal,bull,14
MACD Trend,Nifty 50,2014-01-15,2014-01-27,6324.06,6132.78,13,-2486.62,195.45,-2682.07,-3.26,161.94,4.81,15.34,12.33,0.8657,Signal,bull,12
MACD Trend,Nifty 50,2014-04-09,2014-04-15,6799.6,6729.73,11,-768.51,180.75,-949.26,-1.27,148.82,4.42,15.34,11.22,0.7956,Signal,bull,6
MACD Trend,Nifty 50,2014-05-12,2014-05-30,7017.76,7226.34,11,2294.36,189.25,2105.11,2.73,156.69,4.65,15.34,11.58,0.8376,Signal,bull,18
MACD Trend,Nifty 50,2014-06-05,2014-06-16,7477.84,7529.78,11,571.4,198.71,372.69,0.45,165.08,4.9,15.34,12.34,0.8825,Signal,bull,11
MACD Trend,Nifty 50,2014-07-04,2014-07-08,7755.48,7619.39,10,-1360.87,186.26,-1547.13,-1.99,153.75,4.57,15.34,11.63,0.8219,Signal,bull,4
MACD Trend,Nifty 50,2014-07-22,2014-08-01,7771.73,7598.8,10,-1729.35,186.24,-1915.59,-2.46,153.71,4.57,15.34,11.66,0.8217,Signal,bull,10
MACD Trend,Nifty 50,2014-08-18,2014-09-15,7878.19,8037.98,10,1597.92,192.06,1405.86,1.78,159.16,4.73,15.34,11.82,0.8509,Signal,bull,28
MACD Trend,Nifty 50,2014-10-22,2014-12-02,7999.9,8520.44,10,5205.4,198.5,5006.9,6.26,165.2,4.91,15.34,12.0,0.8832,Signal,bull,41
MACD Trend,Nifty 50,2015-01-02,2015-01-07,8399.65,8098.05,10,-3015.99,198.86,-3214.85,-3.83,164.98,4.9,15.34,12.6,0.882,Signal,bull,5
MACD Trend,Nifty 50,2015-02-19,2015-02-23,8899.75,8750.57,9,-1342.57,191.93,-1534.5,-1.92,158.85,4.72,15.34,12.01,0.8492,Signal,bull,4
MACD Trend,Nifty 50,2015-03-03,2015-03-09,9000.75,8752.37,9,-2235.39,193.03,-2428.42,-3.0,159.78,4.75,15.34,12.15,0.8542,Signal,bull,6
MACD Trend,Nifty 50,2016-04-13,2016-04-29,7854.38,7845.87,10,-85.01,189.78,-274.79,-0.35,157.0,4.66,15.34,11.78,0.8393,Signal,sideways,16
MACD Trend,Nifty 50,2016-05-26,2016-06-13,8073.68,8106.54,9,295.74,177.11,118.63,0.16,145.62,4.32,15.34,10.9,0.7785,Signal,bull,18
MACD Trend,Nifty 50,2016-07-04,2016-08-01,8374.89,8632.23,9,2316.11,185.23,2130.88,2.83,153.06,4.55,15.34,11.31,0.8183,Signal,bull,28
MACD Trend,Nifty 50,2016-08-31,2016-09-14,8790.59,8722.24,9,-615.21,190.5,-805.71,-1.02,157.62,4.68,15.34,11.87,0.8426,Signal,bull,14
MACD Trend,Nifty 50,2017-02-22,2017-02-27,8931.36,8892.25,8,-312.9,173.79,-486.69,-0.68,142.59,4.23,15.34,10.72,0.7623,Signal,bull,5
MACD Trend,Nifty 50,2017-03-15,2017-03-22,9089.34,9025.93,8,-507.26,176.39,-683.65,-0.94,144.92,4.3,15.34,10.91,0.7748,Signal,bull,7
MACD Trend,Nifty 50,2017-04-05,2017-04-07,9269.78,9193.7,8,-608.66,179.5,-788.16,-1.06,147.71,4.39,15.34,11.12,0.7896,Signal,bull,2
MACD Trend,Nifty 50,2017-04-26,2017-05-09,9356.53,9312.19,8,-354.67,181.3,-535.97,-0.72,149.35,4.44,15.34,11.23,0.7984,Signal,bull,13
MACD Trend,Nifty 50,2017-05-10,2017-05-22,9412.0,9433.53,8,172.22,182.83,-10.61,-0.01,150.76,4.48,15.34,11.29,0.806,Signal,bull,12
MACD Trend,Nifty 50,2017-05-26,2017-06-12,9599.9,9611.59,8,93.56,186.09,-92.53,-0.12,153.69,4.56,15.34,11.52,0.8216,Signal,bull,17
MACD Trend,Nifty 50,2017-07-07,2017-08-07,9670.63,10052.37,8,3053.91,190.42,2863.49,3.7,157.78,4.69,15.34,11.6,0.8435,Signal,bull,31
MACD Trend,Nifty 50,2017-10-10,2017-11-08,10021.96,10298.0,8,2208.32,195.79,2012.53,2.51,162.56,4.83,15.34,12.03,0.869,Signal,bull,29
MACD Trend,Nifty 50,2017-11-27,2017-11-30,10404.75,10221.44,7,-1283.19,175.85,-1459.04,-2.0,144.38,4.29,15.34,10.92,0.7719,Signal,bull,3
MACD Trend,Nifty 50,2017-12-15,2018-02-02,10338.42,10755.22,7,2917.62,179.17,2738.45,3.78,147.66,4.39,15.34,10.86,0.7894,Signal,bull,49
MACD Trend,Nifty 50,2018-08-21,2018-09-03,11576.69,11576.56,7,-0.89,195.41,-196.3,-0.24,162.07,4.81,15.34,12.16,0.8664,Signal,bull,13
MACD Trend,Nifty 50,2018-12-14,2018-12-24,10810.85,10658.17,7,-1068.79,182.39,-1251.18,-1.65,150.28,4.46,15.34,11.35,0.8034,Signal,sideways,10
MACD Trend,Nifty 50,2019-02-04,2019-02-14,10917.71,10740.68,7,-1239.21,183.88,-1423.09,-1.86,151.61,4.5,15.34,11.46,0.8105,Signal,sideways,10
MACD Trend,Nifty 50,2019-02-26,2019-04-08,10840.72,11598.7,7,5305.86,189.46,5116.4,6.74,157.08,4.67,15.34,11.38,0.8397,Signal,bull,41
MACD Trend,Nifty 50,2019-05-20,2019-06-13,11834.16,11908.09,7,517.5,199.95,317.55,0.38,166.2,4.94,15.34,12.43,0.8885,Signal,bull,24
MACD Trend,Nifty 50,2019-07-03,2019-07-08,11922.71,11552.82,7,-2589.22,198.11,-2787.33,-3.34,164.33,4.88,15.34,12.52,0.8785,Signal,bull,5
MACD Trend,Nifty 50,2019-09-20,2019-10-07,11279.84,11120.84,7,-1113.0,189.64,-1302.64,-1.65,156.8,4.66,15.34,11.84,0.8383,Signal,sideways,17
MACD Trend,Nifty 50,2019-11-28,2019-11-29,12157.23,12050.02,6,-643.23,176.76,-819.99,-1.12,145.24,4.31,15.34,10.94,0.7765,Signal,bull,1
MACD Trend,Nifty 50,2019-12-18,2019-12-31,12227.76,12162.37,6,-392.37,177.96,-570.33,-0.78,146.34,4.35,15.34,11.0,0.7823,Signal,bull,13
MACD Trend,Nifty 50,2020-01-14,2020-01-21,12368.48,12163.76,6,-1228.3,178.97,-1407.27,-1.9,147.19,4.37,15.34,11.13,0.7869,Signal,bull,7
MACD Trend,Nifty 50,2020-06-19,2020-06-30,10249.52,10296.95,7,331.98,175.11,156.87,0.22,143.83,4.27,15.34,10.76,0.7689,Signal,bear,11
MACD Trend,Nifty 50,2020-07-02,2020-07-14,10556.98,10602.05,7,315.49,179.88,135.61,0.18,148.11,4.4,15.34,11.08,0.7918,Signal,bear,12
MACD Trend,Nifty 50,2020-07-21,2020-07-30,11167.83,11096.6,7,-498.62,188.54,-687.16,-0.88,155.85,4.63,15.34,11.73,0.8332,Signal,sideways,9
MACD Trend,Nifty 50,2020-08-26,2020-08-31,11555.37,11381.81,6,-1041.41,168.32,-1209.73,-1.74,137.62,4.09,15.34,10.4,0.7357,Signal,bull,5
MACD Trend,Nifty 50,2020-10-05,2020-10-26,11509.1,11761.87,6,1516.59,170.36,1346.23,1.95,139.63,4.15,15.34,10.36,0.7464,Signal,bull,21
MACD Trend,Nifty 50,2020-11-05,2020-12-21,12126.36,13321.74,6,7172.26,184.45,6987.81,9.6,152.69,4.53,15.34,10.91,0.8163,Signal,bull,46
MACD Trend,Nifty 50,2020-12-31,2021-01-18,13988.74,14274.16,6,1712.51,203.62,1508.89,1.8,169.58,5.04,15.34,12.59,0.9066,Signal,bull,18
MACD Trend,Nifty 50,2021-02-04,2021-02-19,14903.1,14974.26,5,355.8,181.29,174.51,0.23,149.39,4.44,15.34,11.18,0.7986,Signal,bull,15
MACD Trend,Nifty 50,2021-04-07,2021-04-12,14826.46,14303.64,5,-2614.07,177.36,-2791.43,-3.77,145.65,4.33,15.34,11.12,0.7786,Signal,bull,5
MACD Trend,Nifty 50,2021-04-28,2021-06-17,14871.98,15683.55,5,4057.86,184.78,3873.08,5.21,152.78,4.54,15.34,11.15,0.8167,Signal,bull,50
MACD Trend,Nifty 50,2021-09-24,2021-09-28,17862.13,17739.73,4,-489.6,173.6,-663.2,-0.93,142.41,4.23,15.34,10.72,0.7613,Signal,bull,4
MACD Trend,Nifty 50,2021-10-13,2021-10-22,18170.83,18105.84,4,-259.95,176.58,-436.53,-0.6,145.11,4.31,15.34,10.9,0.7757,Signal,bull,9
MACD Trend,Nifty 50,2022-09-13,2022-09-15,18079.09,17868.46,4,-842.5,175.16,-1017.66,-1.41,143.79,4.27,15.34,10.85,0.7687,Signal,bull,2
MACD Trend,Nifty 50,2022-11-28,2022-12-07,18572.03,18551.22,4,-83.25,180.33,-263.58,-0.35,148.49,4.41,15.34,11.14,0.7938,Signal,bull,9
MACD Trend,Nifty 50,2023-05-29,2023-06-02,18607.95,18524.83,4,-332.47,180.39,-512.86,-0.69,148.53,4.41,15.34,11.16,0.794,Signal,sideways,4
MACD Trend,Nifty 50,2023-06-07,2023-06-09,18735.76,18554.12,4,-726.58,181.12,-907.7,-1.21,149.16,4.43,15.34,11.24,0.7974,Signal,bull,2
MACD Trend,Nifty 50,2023-06-30,2023-07-25,19198.65,19670.76,4,1888.46,187.94,1700.52,2.21,155.48,4.62,15.34,11.52,0.8312,Signal,bull,25
MACD Trend,Nifty 50,2023-10-12,2023-10-19,19803.9,19614.89,4,-756.04,190.58,-946.62,-1.19,157.68,4.68,15.34,11.88,0.8429,Signal,bull,7
MACD Trend,Nifty 50,2024-02-07,2024-02-08,21941.47,21707.09,3,-703.13,160.88,-864.01,-1.31,130.95,3.89,15.34,9.87,0.7,Signal,bull,1
MACD Trend,Nifty 50,2024-04-01,2024-04-16,22473.23,22136.83,3,-1009.21,164.11,-1173.32,-1.74,133.83,3.97,15.34,10.11,0.7155,Signal,bull,15
MACD Trend,Nifty 50,2024-04-29,2024-05-07,22654.72,22291.35,3,-1090.12,165.23,-1255.35,-1.85,134.84,4.0,15.34,10.19,0.7208,Signal,bull,8
MACD Trend,Nifty 50,2024-05-21,2024-06-04,22540.32,21694.14,3,-2538.53,162.97,-2701.5,-4.0,132.7,3.94,15.34,10.14,0.7094,TrailingStop,bull,14
MACD Trend,Nifty 50,2024-06-07,2024-07-19,23301.8,24518.63,3,3650.52,174.46,3476.06,4.97,143.46,4.26,15.34,10.49,0.7669,Signal,bull,42
MACD Trend,Nifty 50,2024-08-21,2024-09-06,24782.58,24839.72,3,171.42,180.73,-9.31,-0.01,148.87,4.42,15.34,11.15,0.7958,Signal,bull,16
MACD Trend,Nifty 50,2024-09-16,2024-10-03,25396.44,25237.47,3,-476.9,184.15,-661.05,-0.87,151.9,4.51,15.34,11.43,0.8121,Signal,bull,17
MACD Trend,Nifty 50,2025-04-16,2025-05-09,23448.92,23996.0,3,1641.23,173.36,1467.87,2.09,142.33,4.23,15.34,10.55,0.7609,Signal,sideways,23
MACD Trend,Nifty 50,2025-05-12,2025-05-21,24937.16,24801.04,3,-408.36,181.15,-589.51,-0.79,149.21,4.43,15.34,11.22,0.7977,Signal,sideways,9
MACD Trend,Nifty 50,2025-06-26,2025-07-09,25561.77,25463.36,3,-295.24,185.44,-480.68,-0.63,153.08,4.55,15.34,11.5,0.8183,Signal,bull,13
MACD Trend,Nifty 50,2025-10-08,2025-11-04,25058.67,25584.85,3,1578.53,184.02,1394.51,1.85,151.93,4.51,15.34,11.28,0.8122,Signal,bull,27
MACD Trend,Nifty 50,2025-11-19,2025-11-25,26065.68,25871.86,3,-581.46,188.5,-769.96,-0.98,155.81,4.63,15.34,11.73,0.833,Signal,bull,6
MACD Trend,Nifty 50,2025-11-26,2025-12-02,26218.4,26019.18,3,-597.66,189.5,-787.16,-1.0,156.71,4.65,15.34,11.8,0.8378,Signal,bull,6
MACD Trend,Nifty 50,2025-12-23,2025-12-29,26190.24,25929.13,3,-783.33,189.12,-972.45,-1.24,156.36,4.64,15.34,11.79,0.8359,Signal,bull,6
RSI Oversold Bounce,Bank Nifty,2009-12-23,2010-01-07,8923.41,9188.25,10,2648.42,216.37,2432.05,2.73,181.12,5.38,15.34,13.39,0.9682,Signal,bull,15
RSI Oversold Bounce,Bank Nifty,2010-11-30,2010-12-09,11958.44,11351.99,8,-4851.54,222.9,-5074.44,-5.3,186.48,5.54,15.34,14.35,0.9969,StopLoss,bull,9
RSI Oversold Bounce,Bank Nifty,2011-05-06,2011-05-18,11150.54,10585.07,8,-4523.77,208.87,-4732.64,-5.31,173.88,5.16,15.34,13.38,0.9296,StopLoss,bear,12
RSI Oversold Bounce,Bank Nifty,2012-07-30,2012-09-05,10417.24,9888.95,8,-4226.27,196.15,-4422.42,-5.31,162.45,4.82,15.34,12.5,0.8685,StopLoss,bull,37
RSI Oversold Bounce,Bank Nifty,2012-09-07,2012-09-17,10126.94,10976.03,8,6792.7,202.4,6590.3,8.13,168.82,5.01,15.34,12.15,0.9025,Signal,bull,10
RSI Oversold Bounce,Bank Nifty,2014-01-13,2014-01-28,11026.98,10467.78,8,-4473.65,206.73,-4680.38,-5.31,171.96,5.11,15.34,13.23,0.9193,StopLoss,sideways,15
RSI Oversold Bounce,Bank Nifty,2016-09-28,2016-11-09,19663.15,18665.98,4,-3988.67,185.98,-4174.65,-5.31,153.32,4.55,15.34,11.8,0.8196,StopLoss,bull,42
RSI Oversold Bounce,Bank Nifty,2017-08-23,2017-09-11,24328.68,24659.63,3,992.85,178.55,814.3,1.12,146.96,4.36,15.34,10.95,0.7857,Signal,bull,19
RSI Oversold Bounce,Bank Nifty,2017-10-06,2017-11-01,24201.81,25477.41,3,3826.78,180.64,3646.14,5.02,149.04,4.43,15.34,10.89,0.7968,Signal,bull,26
RSI Oversold Bounce,Bank Nifty,2017-12-08,2018-01-17,25333.52,26275.65,3,2826.4,187.15,2639.25,3.47,154.83,4.6,15.34,11.4,0.8277,Signal,bull,40
RSI Oversold Bounce,Bank Nifty,2018-02-12,2018-03-06,25714.15,24410.12,3,-3912.09,182.7,-4094.79,-5.31,150.37,4.47,15.34,11.57,0.8039,StopLoss,bull,22
RSI Oversold Bounce,Bank Nifty,2018-09-14,2018-09-21,27177.11,25798.9,3,-4134.66,192.23,-4326.89,-5.31,158.93,4.72,15.34,12.23,0.8496,StopLoss,bull,7
RSI Oversold Bounce,Bank Nifty,2019-01-30,2019-03-08,26838.6,27747.6,2,1818.0,136.5,1681.5,3.13,109.17,3.24,15.34,8.05,0.5836,Signal,bull,37
RSI Oversold Bounce,Bank Nifty,2019-06-18,2019-07-05,30365.82,31459.7,2,2187.75,152.56,2035.19,3.35,123.65,3.67,15.34,9.11,0.661,Signal,bull,17
RSI Oversold Bounce,Bank Nifty,2020-01-23,2020-02-28,31019.19,29446.13,2,-3146.12,149.94,-3296.06,-5.31,120.93,3.59,15.34,9.31,0.6465,StopLoss,bull,36
RSI Oversold Bounce,Bank Nifty,2020-09-28,2020-10-12,21676.08,23700.67,3,6073.77,166.13,5907.64,9.08,136.13,4.04,15.34,9.75,0.7278,Signal,bear,14
RSI Oversold Bounce,Bank Nifty,2021-03-26,2021-04-12,33334.47,31644.0,2,-3380.95,159.98,-3540.93,-5.31,129.96,3.86,15.34,10.0,0.6947,StopLoss,bull,17
RSI Oversold Bounce,Bank Nifty,2021-11-18,2021-11-26,37994.8,36067.99,2,-3853.62,180.2,-4033.82,-5.31,148.13,4.4,15.34,11.4,0.7919,StopLoss,bull,8
RSI Oversold Bounce,Bank Nifty,2022-09-30,2022-10-19,38650.82,40352.54,2,3403.46,190.64,3212.82,4.16,158.01,4.69,15.34,11.6,0.8447,Signal,bull,19
RSI Oversold Bounce,Bank Nifty,2022-12-26,2023-01-27,42650.97,40488.03,1,-2162.94,107.87,-2270.81,-5.32,83.14,2.47,15.34,6.4,0.4445,StopLoss,bull,32
RSI Oversold Bounce,Bank Nifty,2023-08-23,2023-09-11,44501.29,45547.91,1,1046.62,115.31,931.31,2.09,90.05,2.67,15.34,6.68,0.4814,Signal,bull,19
RSI Oversold Bounce,Bank Nifty,2024-01-31,2024-03-01,46019.8,47263.25,1,1243.46,118.89,1124.57,2.44,93.28,2.77,15.34,6.9,0.4987,Signal,bull,30
RSI Oversold Bounce,Bank Nifty,2024-05-23,2024-06-03,48792.99,50954.46,1,2161.47,126.0,2035.47,4.17,99.75,2.96,15.34,7.32,0.5332,Signal,bull,11
RSI Oversold Bounce,Bank Nifty,2024-07-26,2024-09-03,51321.6,51663.26,1,341.66,129.74,211.92,0.41,102.98,3.06,15.34,7.7,0.5506,Signal,bull,39
RSI Oversold Bounce,Bank Nifty,2024-10-14,2024-12-05,51842.81,53576.75,1,1733.94,132.34,1601.6,3.09,105.42,3.13,15.34,7.78,0.5636,Signal,bull,52
RSI Oversold Bounce,Bank Nifty,2025-08-06,2025-09-17,55438.85,55465.55,1,26.7,138.56,-111.86,-0.2,110.9,3.29,15.34,8.32,0.5929,Signal,bull,42
RSI Oversold Bounce,Nifty 50,2009-11-06,2009-11-23,4798.55,5101.0,19,5746.55,223.89,5522.66,6.06,188.09,5.59,15.34,13.68,1.0055,Signal,bull,17
RSI Oversold Bounce,Nifty 50,2009-12-22,2010-01-07,4988.34,5260.47,20,5442.51,242.67,5199.84,5.21,204.98,6.09,15.34,14.97,1.0958,Signal,bull,16
RSI Oversold Bounce,Nifty 50,2010-12-01,2010-12-30,5963.88,6098.8,17,2293.62,243.01,2050.61,2.02,205.07,6.09,15.34,15.21,1.0963,Signal,bull,29
RSI Oversold Bounce,Nifty 50,2012-03-09,2012-05-07,5336.22,5065.6,20,-5412.26,246.88,-5659.14,-5.3,208.04,6.18,15.34,16.01,1.1122,StopLoss,bull,59
RSI Oversold Bounce,Nifty 50,2013-02-13,2013-03-22,5935.92,5634.89,17,-5117.43,234.27,-5351.7,-5.3,196.7,5.84,15.34,15.14,1.0516,StopLoss,bull,37
RSI Oversold Bounce,Nifty 50,2013-11-25,2013-12-11,6118.41,6304.75,15,2795.07,222.17,2572.9,2.8,186.35,5.53,15.34,13.77,0.9962,Signal,bull,16
RSI Oversold Bounce,Nifty 50,2014-10-17,2014-10-31,7783.59,8318.04,12,6413.39,229.53,6183.86,6.62,193.22,5.74,15.34,14.01,1.033,Signal,bull,14
RSI Oversold Bounce,Nifty 50,2014-12-19,2015-01-23,8229.31,8831.18,12,7222.43,242.26,6980.17,7.07,204.73,6.08,15.34,14.81,1.0945,Signal,bull,35
RSI Oversold Bounce,Nifty 50,2016-09-30,2016-11-09,8615.46,8178.54,12,-5242.94,239.64,-5482.58,-5.3,201.53,5.99,15.34,15.51,1.0774,StopLoss,bull,40
RSI Oversold Bounce,Nifty 50,2017-06-29,2017-07-13,9508.85,9886.75,11,4156.93,252.07,3904.86,3.73,213.35,6.34,15.34,15.69,1.1406,Signal,bull,14
RSI Oversold Bounce,Nifty 50,2017-08-23,2017-09-12,9857.43,10088.0,11,2536.35,258.91,2277.44,2.1,219.4,6.52,15.34,16.26,1.1729,Signal,bull,20
RSI Oversold Bounce,Nifty 50,2018-02-23,2018-03-23,10496.3,9964.0,10,-5322.93,243.06,-5565.99,-5.3,204.6,6.08,15.34,15.74,1.0938,StopLoss,bull,28
RSI Oversold Bounce,Nifty 50,2018-09-19,2018-10-04,11239.97,10669.96,9,-5130.06,234.81,-5364.87,-5.3,197.19,5.86,15.34,15.17,1.0542,StopLoss,bull,15
RSI Oversold Bounce,Nifty 50,2019-05-14,2019-05-30,11227.66,11939.93,9,6410.4,246.52,6163.88,6.1,208.51,6.19,15.34,15.16,1.1147,Signal,bull,16
RSI Oversold Bounce,Nifty 50,2019-06-25,2019-07-26,11802.35,11203.82,9,-5386.74,245.79,-5632.53,-5.3,207.06,6.15,15.34,15.93,1.1069,StopLoss,bull,31
RSI Oversold Bounce,Nifty 50,2020-02-04,2020-02-28,11985.64,11377.82,8,-4862.57,223.37,-5085.94,-5.3,186.91,5.55,15.34,14.38,0.9992,StopLoss,bull,24
RSI Oversold Bounce,Nifty 50,2020-09-25,2020-10-12,11055.78,11924.98,8,6953.68,219.08,6734.6,7.61,183.85,5.46,15.34,13.27,0.9828,Signal,bull,17
RSI Oversold Bounce,Nifty 50,2021-03-26,2021-05-25,14514.55,15200.85,7,4804.05,246.09,4557.96,4.49,208.01,6.18,15.34,15.24,1.112,Signal,bull,60
RSI Oversold Bounce,Nifty 50,2021-12-01,2022-01-07,17175.48,17803.79,6,3769.85,248.24,3521.61,3.42,209.88,6.23,15.34,15.46,1.122,Signal,bull,37
RSI Oversold Bounce,Nifty 50,2022-09-30,2022-10-24,17102.9,17721.88,6,3713.93,247.21,3466.72,3.38,208.95,6.21,15.34,15.39,1.117,Signal,bull,24
RSI Oversold Bounce,Nifty 50,2022-12-26,2023-02-16,18023.61,18026.83,6,19.35,255.66,-236.31,-0.22,216.3,6.42,15.34,16.22,1.1564,Signal,bull,52
RSI Oversold Bounce,Nifty 50,2023-10-05,2023-11-16,19555.52,19755.32,5,998.97,233.65,765.32,0.78,196.55,5.84,15.34,14.67,1.0508,Signal,bull,42
RSI Oversold Bounce,Nifty 50,2025-07-21,2025-09-16,25103.24,25226.48,4,492.94,238.98,253.96,0.25,201.32,5.98,15.34,15.06,1.0763,Signal,bull,57
Stochastic Reversal,Bank Nifty,2009-08-11,2009-08-17,7221.78,7101.22,13,-1567.28,222.33,-1789.61,-1.91,186.2,5.53,15.34,14.08,0.9954,Signal,bull,6
Stochastic Reversal,Bank Nifty,2009-11-04,2009-11-11,8510.9,9332.82,10,8219.18,212.98,8006.2,9.41,178.44,5.3,15.34,12.77,0.9539,Signal,bull,7
Stochastic Reversal,Bank Nifty,2012-03-07,2012-03-14,10137.8,10884.13,9,6716.98,225.04,6491.94,7.12,189.2,5.62,15.34,13.69,1.0114,Signal,sideways,7
Stochastic Reversal,Bank Nifty,2012-07-24,2012-07-26,10304.03,10078.64,10,-2253.89,241.97,-2495.86,-2.42,203.83,6.05,15.34,15.46,1.0897,Signal,bull,2
Stochastic Reversal,Bank Nifty,2012-07-27,2012-08-02,10145.5,10374.29,10,2287.87,243.15,2044.72,2.02,205.2,6.09,15.34,15.22,1.097,Signal,bull,6
Stochastic Reversal,Bank Nifty,2013-06-05,2013-06-07,12295.35,12225.24,8,-560.88,233.33,-794.21,-0.81,196.16,5.83,15.34,14.75,1.0487,Signal,bull,2
Stochastic Reversal,Bank Nifty,2013-11-13,2013-11-20,10528.49,10961.54,10,4330.5,253.78,4076.72,3.87,214.9,6.38,15.34,15.79,1.1489,Signal,bear,7
Stochastic Reversal,Bank Nifty,2013-12-20,2013-12-24,11297.86,11324.85,9,242.9,241.54,1.36,0.0,203.6,6.05,15.34,15.25,1.0885,Signal,sideways,4
Stochastic Reversal,Bank Nifty,2015-07-29,2015-08-05,18332.35,18918.87,5,2932.58,222.06,2710.52,2.96,186.26,5.53,15.34,13.75,0.9957,Signal,sideways,7
Stochastic Reversal,Bank Nifty,2015-10-30,2015-11-03,17362.98,17316.74,6,-277.44,246.55,-523.99,-0.5,208.08,6.18,15.34,15.63,1.1124,Signal,bear,4
Stochastic Reversal,Bank Nifty,2016-08-04,2016-08-10,18580.77,18638.26,6,344.95,263.43,81.52,0.07,223.31,6.63,15.34,16.72,1.1938,Signal,bull,6
Stochastic Reversal,Bank Nifty,2016-09-28,2016-09-29,19663.15,19173.84,5,-2446.56,231.27,-2677.83,-2.72,194.18,5.77,15.34,14.75,1.0381,Signal,bull,1
Stochastic Reversal,Bank Nifty,2017-06-29,2017-07-04,23238.64,23202.32,4,-145.29,221.74,-367.03,-0.39,185.76,5.52,15.34,13.94,0.9931,Signal,bull,5
Stochastic Reversal,Bank Nifty,2017-08-14,2017-08-17,24127.53,24224.85,4,389.3,230.2,159.1,0.16,193.41,5.74,15.34,14.48,1.034,Signal,bull,3
Stochastic Reversal,Bank Nifty,2017-12-05,2017-12-06,25137.12,24839.09,4,-1192.13,237.53,-1429.66,-1.42,199.9,5.94,15.34,15.08,1.0687,Signal,bull,1
Stochastic Reversal,Bank Nifty,2017-12-07,2017-12-12,25069.49,25112.59,4,172.42,238.35,-65.93,-0.07,200.73,5.96,15.34,15.04,1.0731,Signal,bull,5
Stochastic Reversal,Bank Nifty,2018-09-05,2018-09-10,27389.42,27187.83,3,-604.76,197.3,-802.06,-0.98,163.73,4.86,15.34,12.33,0.8753,Signal,bull,5
Stochastic Reversal,Bank Nifty,2019-06-18,2019-06-24,30365.82,30586.39,3,661.72,218.45,443.27,0.49,182.86,5.43,15.34,13.66,0.9776,Signal,bull,6
Stochastic Reversal,Bank Nifty,2019-12-11,2019-12-13,31272.01,31997.87,3,2177.57,226.06,1951.51,2.08,189.81,5.64,15.34,14.07,1.0147,Signal,bull,2
Stochastic Reversal,Bank Nifty,2020-08-04,2020-08-14,21501.0,21668.31,5,836.57,255.09,581.48,0.54,215.85,6.41,15.34,16.13,1.1539,Signal,bear,10
Stochastic Reversal,Bank Nifty,2020-09-11,2020-09-14,22490.93,22089.94,4,-1603.94,213.59,-1817.53,-2.02,178.32,5.3,15.34,13.49,0.9533,Signal,bear,3
Stochastic Reversal,Bank Nifty,2020-09-15,2020-09-17,22476.62,22308.93,4,-670.77,214.43,-885.2,-0.98,179.14,5.32,15.34,13.49,0.9577,Signal,bear,2
Stochastic Reversal,Bank Nifty,2021-03-02,2021-03-04,35437.0,35784.18,3,1041.55,252.65,788.9,0.74,213.66,6.35,15.34,15.95,1.1422,Signal,bull,2
Stochastic Reversal,Bank Nifty,2021-11-15,2021-11-16,38721.25,38287.5,2,-867.5,186.53,-1054.03,-1.36,154.02,4.57,15.34,11.62,0.8234,Signal,bull,1
Stochastic Reversal,Bank Nifty,2025-12-18,2025-12-24,58942.31,59154.01,1,211.7,146.53,65.17,0.11,118.1,3.51,15.34,8.84,0.6313,Signal,bull,6
Stochastic Reversal,Nifty 50,2009-06-19,2009-06-22,4315.76,4233.13,22,-1817.74,224.44,-2042.18,-2.15,188.08,5.59,15.34,14.24,1.0055,Signal,bull,3
Stochastic Reversal,Nifty 50,2009-06-23,2009-06-25,4249.12,4239.73,21,-197.28,213.42,-410.7,-0.46,178.27,5.29,15.34,13.38,0.953,Signal,bull,2
Stochastic Reversal,Nifty 50,2010-10-29,2010-11-03,6020.71,6157.42,15,2050.66,218.14,1832.52,2.03,182.67,5.43,15.34,13.55,0.9766,Signal,bull,5
Stochastic Reversal,Nifty 50,2012-03-07,2012-03-15,5223.06,5377.81,18,2785.49,227.14,2558.35,2.72,190.82,5.67,15.34,14.1,1.0201,Signal,sideways,8
Stochastic Reversal,Nifty 50,2012-07-25,2012-07-26,5112.15,5040.48,18,-1290.18,218.48,-1508.66,-1.64,182.75,5.43,15.34,13.8,0.977,Signal,sideways,1
Stochastic Reversal,Nifty 50,2012-09-04,2012-09-05,5276.64,5223.09,18,-963.89,225.39,-1189.28,-1.25,189.0,5.61,15.34,14.25,1.0104,Signal,bull,1
Stochastic Reversal,Nifty 50,2013-02-06,2013-02-07,5962.18,5935.83,15,-395.24,213.66,-608.9,-0.68,178.47,5.3,15.34,13.41,0.9541,Signal,bull,1
Stochastic Reversal,Nifty 50,2013-06-05,2013-06-07,5926.81,5878.06,15,-731.29,212.13,-943.42,-1.06,177.07,5.26,15.34,13.34,0.9466,Signal,bull,2
Stochastic Reversal,Nifty 50,2013-10-01,2013-10-07,5782.94,5903.2,16,1924.11,222.94,1701.17,1.84,186.98,5.55,15.34,13.88,0.9996,Signal,sideways,6
Stochastic Reversal,Nifty 50,2013-11-13,2013-11-20,5992.59,6119.84,15,1908.65,217.06,1691.59,1.88,181.69,5.4,15.34,13.48,0.9713,Signal,bull,7
Stochastic Reversal,Nifty 50,2014-05-05,2014-05-07,6702.7,6649.22,14,-748.67,223.08,-971.75,-1.04,186.93,5.55,15.34,14.08,0.9993,Signal,bull,2
Stochastic Reversal,Nifty 50,2015-02-10,2015-02-19,8569.83,8890.85,11,3531.22,228.47,3302.75,3.5,192.07,5.7,15.34,14.14,1.0268,Signal,bull,9
Stochastic Reversal,Nifty 50,2015-03-12,2015-03-13,8780.39,8643.43,11,-1506.58,228.4,-1734.98,-1.8,191.66,5.69,15.34,14.49,1.0246,Signal,bull,1
Stochastic Reversal,Nifty 50,2015-03-17,2015-03-19,8727.66,8630.33,11,-1070.61,227.56,-1298.17,-1.35,190.94,5.67,15.34,14.4,1.0208,Signal,bull,2
Stochastic Reversal,Nifty 50,2015-07-29,2015-08-04,8379.24,8512.64,11,1467.45,221.67,1245.78,1.35,185.81,5.52,15.34,13.83,0.9933,Signal,sideways,6
Stochastic Reversal,Nifty 50,2015-11-02,2015-11-04,8054.83,8036.18,11,-205.1,212.01,-417.11,-0.47,177.0,5.26,15.34,13.29,0.9462,Signal,bear,2
Stochastic Reversal,Nifty 50,2016-05-06,2016-05-11,7737.32,7844.93,12,1291.31,222.99,1068.32,1.15,186.99,5.55,15.34,13.93,0.9996,Signal,sideways,5
Stochastic Reversal,Nifty 50,2016-09-28,2016-09-29,8749.52,8586.95,11,-1788.25,227.35,-2015.6,-2.09,190.7,5.66,15.34,14.44,1.0195,Signal,bull,1
Stochastic Reversal,Nifty 50,2017-06-29,2017-07-06,9508.85,9669.71,10,1608.61,228.3,1380.31,1.45,191.79,5.7,15.34,14.26,1.0253,Signal,bull,7
Stochastic Reversal,Nifty 50,2017-08-14,2017-08-18,9799.05,9832.48,9,300.91,211.62,89.29,0.1,176.68,5.25,15.34,13.23,0.9446,Signal,bull,4
Stochastic Reversal,Nifty 50,2018-05-22,2018-05-23,10541.97,10425.13,9,-1051.51,225.08,-1276.59,-1.35,188.7,5.6,15.34,14.23,1.0088,Signal,bull,1
Stochastic Reversal,Nifty 50,2018-05-24,2018-05-29,10519.11,10627.98,9,979.89,226.73,753.16,0.8,190.32,5.65,15.34,14.2,1.0175,Signal,bull,5
Stochastic Reversal,Nifty 50,2018-09-12,2018-09-17,11375.59,11372.06,8,-28.19,217.53,-245.72,-0.27,181.98,5.4,15.34,13.65,0.9729,Signal,bull,5
Stochastic Reversal,Nifty 50,2019-06-18,2019-06-21,11697.35,11718.24,8,167.13,223.45,-56.32,-0.06,187.32,5.56,15.34,14.04,1.0014,Signal,bull,3
Stochastic Reversal,Nifty 50,2019-12-11,2019-12-17,11916.11,12158.92,8,1942.5,229.18,1713.32,1.8,192.6,5.72,15.34,14.3,1.0296,Signal,bull,6
Stochastic Reversal,Nifty 50,2020-10-30,2020-11-05,11648.22,12114.24,8,3728.14,226.27,3501.87,3.76,190.1,5.65,15.34,13.98,1.0163,Signal,bull,6
Stochastic Reversal,Nifty 50,2022-04-20,2022-04-22,17145.12,17163.36,5,91.22,205.92,-114.7,-0.13,171.54,5.09,15.34,12.86,0.9171,Signal,bear,2
Stochastic Reversal,Nifty 50,2023-09-27,2023-09-28,19726.31,19513.79,5,-1062.59,233.41,-1296.0,-1.31,196.2,5.83,15.34,14.79,1.0489,Signal,bull,1
Stochastic Reversal,Nifty 50,2023-09-29,2023-10-03,19648.12,19518.99,5,-645.67,232.97,-878.64,-0.89,195.84,5.82,15.34,14.74,1.0469,Signal,bull,4
Trend + RSI Pullback,Bank Nifty,2009-07-20,2009-08-10,7533.88,7156.34,12,-4530.49,211.54,-4742.03,-5.25,176.28,5.24,15.34,13.56,0.9424,Signal,bull,21
Trend + RSI Pullback,Bank Nifty,2010-01-05,2010-01-08,9196.64,9156.01,9,-365.64,198.88,-564.52,-0.68,165.17,4.91,15.34,12.42,0.883,Signal,bull,3
Trend + RSI Pullback,Bank Nifty,2012-04-16,2012-04-23,10437.8,10237.91,8,-1599.09,199.23,-1798.32,-2.15,165.41,4.91,15.34,12.53,0.8843,Signal,bull,7
Trend + RSI Pullback,Bank Nifty,2014-07-18,2014-08-01,15396.87,15120.06,5,-1384.03,184.97,-1569.0,-2.04,152.58,4.53,15.34,11.55,0.8157,Signal,bull,14
Trend + RSI Pullback,Bank Nifty,2015-02-13,2015-02-23,19379.16,18903.72,4,-1901.74,185.62,-2087.36,-2.69,153.13,4.55,15.34,11.63,0.8186,Signal,bull,10
Trend + RSI Pullback,Bank Nifty,2015-05-22,2015-05-25,18442.3,18315.47,4,-507.31,178.74,-686.05,-0.93,147.03,4.37,15.34,11.07,0.786,Signal,bull,3
Trend + RSI Pullback,Bank Nifty,2017-08-24,2017-09-18,24286.05,25034.09,3,2244.09,179.56,2064.53,2.83,147.96,4.39,15.34,10.93,0.791,Signal,bull,25
Trend + RSI Pullback,Bank Nifty,2017-12-18,2018-01-01,25607.05,25305.15,3,-905.72,185.11,-1090.83,-1.42,152.74,4.54,15.34,11.52,0.8165,Signal,bull,14
Trend + RSI Pullback,Bank Nifty,2019-02-05,2019-02-12,27285.02,26996.93,3,-864.26,196.33,-1060.59,-1.3,162.85,4.84,15.34,12.28,0.8706,Signal,bull,7
Trend + RSI Pullback,Bank Nifty,2021-08-04,2021-08-20,36045.65,35015.93,2,-2059.44,173.4,-2232.84,-3.1,142.12,4.22,15.34,10.81,0.7598,Signal,bull,16
Trend + RSI Pullback,Bank Nifty,2024-05-23,2024-06-04,48792.99,47019.02,1,-1773.96,121.92,-1895.88,-3.89,95.81,2.85,15.34,7.32,0.5122,TrailingStop,bull,12
Trend + RSI Pullback,Bank Nifty,2024-11-07,2024-11-08,51942.46,51535.42,1,-407.04,130.34,-537.38,-1.03,103.48,3.07,15.34,7.79,0.5532,Signal,bull,1
Trend + RSI Pullback,Bank Nifty,2024-11-28,2024-12-05,51932.8,53576.75,1,1643.94,132.44,1511.5,2.91,105.51,3.13,15.34,7.79,0.5641,Signal,bull,7
Trend + RSI Pullback,Bank Nifty,2026-01-29,2026-02-02,59987.83,58589.69,1,-1398.14,147.19,-1545.33,-2.58,118.58,3.52,15.34,9.0,0.6339,Signal,bull,4
Trend + RSI Pullback,Bank Nifty,2026-02-03,2026-03-02,60071.32,59809.73,1,-261.59,148.55,-410.14,-0.68,119.88,3.56,15.34,9.01,0.6409,Signal,bull,27
Trend + RSI Pullback,Nifty 50,2009-11-13,2009-11-23,5001.45,5101.0,18,1791.87,217.24,1574.63,1.75,181.84,5.4,15.34,13.5,0.9721,Signal,bull,10
Trend + RSI Pullback,Nifty 50,2010-12-27,2010-12-28,6001.1,5993.0,16,-129.55,228.57,-358.12,-0.37,191.91,5.7,15.34,14.4,1.0259,Signal,bull,1
Trend + RSI Pullback,Nifty 50,2012-08-01,2012-08-16,5243.12,5360.27,18,2108.67,227.24,1881.43,1.99,190.86,5.67,15.34,14.16,1.0203,Signal,bull,15
Trend + RSI Pullback,Nifty 50,2012-11-27,2012-12-06,5730.31,5927.93,17,3359.55,235.29,3124.26,3.21,198.19,5.89,15.34,14.61,1.0595,Signal,bull,9
Trend + RSI Pullback,Nifty 50,2013-11-29,2013-12-17,6179.19,6135.98,16,-691.33,234.32,-925.65,-0.94,197.04,5.85,15.34,14.83,1.0534,Signal,bull,18
Trend + RSI Pullback,Nifty 50,2014-01-13,2014-01-27,6275.89,6132.78,15,-2146.56,222.3,-2368.86,-2.52,186.13,5.53,15.34,14.12,0.9951,Signal,bull,14
Trend + RSI Pullback,Nifty 50,2016-10-04,2016-10-07,8773.53,8693.25,11,-883.13,228.88,-1112.01,-1.15,192.13,5.71,15.34,14.48,1.0272,Signal,bull,3
Trend + RSI Pullback,Nifty 50,2017-12-18,2018-01-19,10393.94,10889.25,9,4457.78,227.83,4229.95,4.52,191.55,5.69,15.34,14.03,1.024,Signal,bull,32
Trend + RSI Pullback,Nifty 50,2019-05-22,2019-06-17,11743.77,11666.31,8,-619.64,223.46,-843.1,-0.9,187.28,5.56,15.34,14.09,1.0012,Signal,bull,26
Trend + RSI Pullback,Nifty 50,2020-10-06,2020-10-15,11668.23,11674.51,8,50.22,222.82,-172.6,-0.18,186.74,5.55,15.34,14.0,0.9983,Signal,bull,9
Trend + RSI Pullback,Nifty 50,2023-10-12,2023-10-20,19803.9,19532.88,5,-1355.09,233.97,-1589.06,-1.6,196.68,5.84,15.34,14.85,1.0515,Signal,bull,8
Trend + RSI Pullback,Nifty 50,2024-05-21,2024-06-04,22540.32,21460.87,4,-4317.79,211.21,-4529.0,-5.02,176.0,5.23,15.34,13.52,0.9409,TrailingStop,bull,14
Trend + RSI Pullback,Nifty 50,2025-09-11,2025-09-17,25018.0,25317.58,3,898.75,183.05,715.7,0.95,151.01,4.48,15.34,11.26,0.8073,Signal,bull,6
Trend + RSI Pullback,Nifty 50,2025-10-07,2025-10-17,25120.85,25696.99,3,1728.42,184.59,1543.83,2.05,152.45,4.53,15.34,11.3,0.815,Signal,bull,10
Triple MA Momentum,Bank Nifty,2009-07-20,2009-07-29,7533.88,7151.82,12,-4584.74,211.48,-4796.22,-5.31,176.23,5.23,15.34,13.56,0.9421,StopLoss,bull,9
Triple MA Momentum,Bank Nifty,2009-11-09,2009-11-27,9141.96,8678.35,9,-4172.51,193.85,-4366.36,-5.31,160.38,4.76,15.34,12.34,0.8574,StopLoss,bull,18
Triple MA Momentum,Bank Nifty,2012-08-02,2012-08-03,10384.67,10310.32,8,-594.77,199.33,-794.1,-0.96,165.56,4.92,15.34,12.46,0.8851,Signal,bull,1
Triple MA Momentum,Bank Nifty,2012-08-06,2012-08-27,10467.51,10145.21,8,-2578.42,198.75,-2777.17,-3.32,164.9,4.9,15.34,12.56,0.8816,Signal,bull,21
Triple MA Momentum,Bank Nifty,2014-10-20,2014-12-17,16224.52,17733.84,5,7546.62,203.42,7343.2,9.05,169.79,5.04,15.34,12.17,0.9077,TrailingStop,bull,58
Triple MA Momentum,Bank Nifty,2015-08-03,2015-08-12,18923.94,18050.51,4,-3493.7,179.92,-3673.62,-4.85,147.9,4.39,15.34,11.35,0.7907,Signal,sideways,9
Triple MA Momentum,Bank Nifty,2017-07-06,2017-08-18,23478.11,24062.13,3,1752.07,173.67,1578.4,2.24,142.62,4.24,15.34,10.57,0.7625,Signal,bull,43
Triple MA Momentum,Bank Nifty,2017-10-25,2017-12-05,25048.13,25111.99,3,191.6,182.52,9.08,0.01,150.48,4.47,15.34,11.27,0.8045,Signal,bull,41
Triple MA Momentum,Bank Nifty,2017-12-19,2018-02-05,25728.76,25979.63,3,752.61,187.63,564.98,0.73,155.13,4.61,15.34,11.58,0.8293,TrailingStop,bull,48
Triple MA Momentum,Bank Nifty,2019-05-21,2019-06-19,30323.2,30346.57,2,46.72,150.15,-103.43,-0.17,121.34,3.6,15.34,9.1,0.6487,Signal,bull,29
Triple MA Momentum,Bank Nifty,2019-06-20,2019-06-21,30796.13,30612.68,2,-366.9,151.82,-518.72,-0.84,122.82,3.65,15.34,9.24,0.6566,Signal,bull,1
Triple MA Momentum,Bank Nifty,2020-01-10,2020-01-17,32113.08,31574.49,2,-1077.18,156.94,-1234.12,-1.92,127.38,3.78,15.34,9.63,0.6809,Signal,bull,7
Triple MA Momentum,Bank Nifty,2021-02-01,2021-02-22,33105.21,35428.09,2,4645.76,167.28,4478.48,6.76,137.07,4.07,15.34,9.93,0.7328,TrailingStop,bull,21
Triple MA Momentum,Bank Nifty,2023-01-02,2023-01-05,43224.7,42587.39,2,-1274.62,206.12,-1480.74,-1.71,171.62,5.1,15.34,12.97,0.9175,Signal,bull,3
Triple MA Momentum,Bank Nifty,2023-06-27,2023-08-07,44143.56,44815.08,2,1343.04,212.91,1130.13,1.28,177.92,5.28,15.34,13.24,0.9511,Signal,bull,41
Triple MA Momentum,Bank Nifty,2024-05-23,2024-06-04,48792.99,46318.57,1,-2474.41,121.2,-2595.61,-5.32,95.11,2.82,15.34,7.32,0.5085,StopLoss,bull,12
Triple MA Momentum,Bank Nifty,2026-01-29,2026-02-02,59987.83,58589.69,1,-1398.14,147.19,-1545.33,-2.58,118.58,3.52,15.34,9.0,0.6339,Signal,bull,4
Triple MA Momentum,Bank Nifty,2026-02-03,2026-03-04,60071.32,58725.87,1,-1345.45,147.43,-1492.88,-2.49,118.8,3.53,15.34,9.01,0.6351,Signal,bull,29
Triple MA Momentum,Nifty 50,2009-06-26,2009-07-06,4377.69,4155.68,21,-4662.07,214.79,-4876.86,-5.3,179.2,5.32,15.34,13.79,0.958,StopLoss,bull,10
Triple MA Momentum,Nifty 50,2009-08-21,2009-10-27,4531.06,4868.6,19,6413.14,213.28,6199.86,7.2,178.59,5.3,15.34,12.91,0.9548,TrailingStop,bull,67
Triple MA Momentum,Nifty 50,2009-12-23,2010-01-22,5147.17,4989.7,18,-2834.45,218.28,-3052.73,-3.29,182.46,5.42,15.34,13.9,0.9755,TrailingStop,bull,30
Triple MA Momentum,Nifty 50,2012-03-13,2012-03-19,5432.21,5254.42,17,-3022.49,217.41,-3239.9,-3.51,181.67,5.4,15.34,13.85,0.9712,Signal,bull,6
Triple MA Momentum,Nifty 50,2012-09-10,2012-10-05,5366.13,5094.0,16,-4354.08,201.61,-4555.69,-5.31,167.36,4.97,15.34,12.88,0.8947,StopLoss,bull,25
Triple MA Momentum,Nifty 50,2012-11-29,2013-02-06,5827.91,5956.22,14,1796.31,198.5,1597.81,1.96,164.98,4.9,15.34,12.24,0.882,Signal,bull,69
Triple MA Momentum,Nifty 50,2013-11-18,2013-11-21,6192.09,5996.05,14,-2744.62,205.13,-2949.75,-3.4,170.63,5.07,15.34,13.0,0.9122,Signal,bull,3
Triple MA Momentum,Nifty 50,2019-05-21,2019-06-21,11714.95,11718.24,7,22.98,197.59,-174.61,-0.21,164.03,4.87,15.34,12.3,0.8769,Signal,bull,31
Triple MA Momentum,Nifty 50,2020-10-06,2021-01-28,11668.23,13861.4,7,15352.2,212.74,15139.46,18.54,178.71,5.31,15.34,12.25,0.9554,TrailingStop,bull,114
Triple MA Momentum,Nifty 50,2021-02-02,2021-02-24,14655.17,14498.59,6,-939.49,209.76,-1149.25,-1.31,174.92,5.2,15.34,13.19,0.9351,TrailingStop,bull,22
Triple MA Momentum,Nifty 50,2022-04-21,2022-04-22,17401.3,17163.36,5,-1189.66,207.44,-1397.1,-1.61,172.82,5.13,15.34,13.05,0.9239,Signal,sideways,1
Triple MA Momentum,Nifty 50,2023-10-12,2023-10-20,19803.9,19532.88,4,-1084.07,190.24,-1274.31,-1.61,157.35,4.67,15.34,11.88,0.8412,Signal,bull,8
Triple MA Momentum,Nifty 50,2024-03-28,2024-04-19,22338.06,22135.93,4,-808.55,213.05,-1021.6,-1.14,177.9,5.28,15.34,13.4,0.951,Signal,bull,22
Triple MA Momentum,Nifty 50,2024-04-22,2024-05-09,22347.57,21946.52,4,-1604.19,212.31,-1816.5,-2.03,177.18,5.26,15.34,13.41,0.9472,Signal,bull,17
Triple MA Momentum,Nifty 50,2024-05-21,2024-06-04,22540.32,21397.24,4,-4572.3,210.95,-4783.25,-5.31,175.75,5.22,15.34,13.52,0.9396,StopLoss,bull,14
Triple MA Momentum,Nifty 50,2024-08-19,2024-10-07,24584.94,24688.36,3,310.26,179.55,130.71,0.18,147.82,4.39,15.34,11.06,0.7902,TrailingStop,bull,49
Triple MA Momentum,Nifty 50,2025-10-07,2025-12-17,25120.85,25805.64,3,2054.36,184.93,1869.43,2.48,152.78,4.54,15.34,11.3,0.8168,Signal,bull,71
